"Slug","PostURL","AffiliateURL","AffiliateTarget"
"2brightsparks","https://saasverdict.com/posts/2brightsparks-review-2026-best-software-tools/","https://saasverdict.com/go/2brightsparks","https://affiliate2brightsparks.evyy.net/XmJ1jX"
"acebeam-flashlight","https://saasverdict.com/posts/acebeam-flashlight-review-2026-best-software-tools/","https://saasverdict.com/go/acebeam-flashlight","https://acebeamflashlight.sjv.io/LXeJZO"
"acronis","https://saasverdict.com/posts/acronis-review-2026-best-software-tools/","https://saasverdict.com/go/acronis","https://acronis.sjv.io/affiliate"
"activecampaign","https://saasverdict.com/posts/activecampaign-review-2026-best-software-tools/","https://saasverdict.com/go/activecampaign","https://activecampaign.sjv.io/affiliate"
"acuity-scheduling","https://saasverdict.com/posts/acuity-scheduling-review-2026-best-software-tools/","https://saasverdict.com/go/acuity-scheduling","https://acuityscheduling.sjv.io/affiliate"
"acunetix","https://saasverdict.com/posts/acunetix-review-2026-best-software-tools/","https://saasverdict.com/go/acunetix","https://acunetix.sjv.io/affiliate"
"adobe-creative-cloud","https://saasverdict.com/posts/adobe-creative-cloud-review-2026-best-software-tools/","https://saasverdict.com/go/adobe-creative-cloud","https://adobe.com/creativecloud/affiliate"
"adp","https://saasverdict.com/posts/adp-review-2026-best-software-tools/","https://saasverdict.com/go/adp","https://adp.com/affiliate"
"adyen","https://saasverdict.com/posts/adyen-review-2026-best-software-tools/","https://saasverdict.com/go/adyen","https://adyen.com/affiliate"
"agile-crm","https://saasverdict.com/posts/agile-crm-review-2026-best-software-tools/","https://saasverdict.com/go/agile-crm","https://agilecrm.com/affiliate"
"ahrefs","https://saasverdict.com/posts/ahrefs-review-2026-best-software-tools/","https://saasverdict.com/go/ahrefs","https://ahrefs.sjv.io/affiliate"
"aidot-smart-living","https://saasverdict.com/posts/aidot-smart-living-review-2026-best-software-tools/","https://saasverdict.com/go/aidot-smart-living","https://aidotcom.pxf.io/LXeJZ3"
"aidot-uk","https://saasverdict.com/posts/aidot-uk-review-2026-best-software-tools/","https://saasverdict.com/go/aidot-uk","https://ukaidot.sjv.io/DKD5kG"
"aircrack-ng","https://saasverdict.com/posts/aircrack-ng-review-2026-best-software-tools/","https://saasverdict.com/go/aircrack-ng","https://aircrack-ng.org/affiliate"
"airtable","https://saasverdict.com/posts/airtable-review-2026-best-software-tools/","https://saasverdict.com/go/airtable","https://airtable.sjv.io/affiliate"
"airvpn","https://saasverdict.com/posts/airvpn-review-2026-best-software-tools/","https://saasverdict.com/go/airvpn","https://airvpn.org/affiliate"
"alexa","https://saasverdict.com/posts/alexa-review-2026-best-software-tools/","https://saasverdict.com/go/alexa","https://alexa.amazon.com/affiliate"
"alfred","https://saasverdict.com/posts/alfred-review-2026-best-software-tools/","https://saasverdict.com/go/alfred","https://alfredapp.com/affiliate"
"aligrace-hair","https://saasverdict.com/posts/aligrace-hair-review-2026-best-software-tools/","https://saasverdict.com/go/aligrace-hair","https://aligracehair.sjv.io/oqQAXY"
"amazon","https://saasverdict.com/posts/amazon-review-2026-best-software-tools/","https://saasverdict.com/go/amazon","https://amazon.com/affiliate"
"amazon-ses","https://saasverdict.com/posts/amazon-ses-review-2026-best-software-tools/","https://saasverdict.com/go/amazon-ses","https://aws.amazon.com/ses/affiliate"
"amotopart-fairing-creator","https://saasverdict.com/posts/amotopart-fairing-creator-review-2026-best-software-tools/","https://saasverdict.com/go/amotopart-fairing-creator","https://autocreatorrecruitment.sjv.io/Y9WOzO"
"amplitude","https://saasverdict.com/posts/amplitude-review-2026-best-software-tools/","https://saasverdict.com/go/amplitude","https://amplitude.com/affiliate"
"ancheer","https://saasverdict.com/posts/ancheer-review-2026-best-software-tools/","https://saasverdict.com/go/ancheer","https://ancheer.sjv.io/1rEm46"
"angashion","https://saasverdict.com/posts/angashion-review-2026-best-software-tools/","https://saasverdict.com/go/angashion","https://angashion.pxf.io/y2GzkB"
"angel-list","https://saasverdict.com/posts/angel-list-review-2026-best-software-tools/","https://saasverdict.com/go/angel-list","https://angel.co/affiliate"
"angelvpn","https://saasverdict.com/posts/angelvpn-review-2026-best-software-tools/","https://saasverdict.com/go/angelvpn","https://angelvpn.sjv.io/RGeRqN"
"angles90","https://saasverdict.com/posts/angles90-review-2026-best-software-tools/","https://saasverdict.com/go/angles90","https://angles90.sjv.io/an3yGZ"
"anydesk","https://saasverdict.com/posts/anydesk-review-2026-best-software-tools/","https://saasverdict.com/go/anydesk","https://anydesk.sjv.io/affiliate"
"any-do","https://saasverdict.com/posts/any-do-review-2026-best-software-tools/","https://saasverdict.com/go/any-do","https://anydo.sjv.io/affiliate"
"aofit","https://saasverdict.com/posts/aofit-review-2026-best-software-tools/","https://saasverdict.com/go/aofit","https://aofit.pxf.io/trial"
"aor-canada","https://saasverdict.com/posts/aor-canada-review-2026-best-software-tools/","https://saasverdict.com/go/aor-canada","https://aor.hbbswr.net/AWLz6K"
"aoseed","https://saasverdict.com/posts/aoseed-review-2026-best-software-tools/","https://saasverdict.com/go/aoseed","https://aoseed.sjv.io/OrGXor"
"apple-calendar","https://saasverdict.com/posts/apple-calendar-review-2026-best-software-tools/","https://saasverdict.com/go/apple-calendar","https://icloud.com/calendar/affiliate"
"arkuda-digital","https://saasverdict.com/posts/arkuda-digital-review-2026-best-software-tools/","https://saasverdict.com/go/arkuda-digital","https://arkmc.pxf.io/dO6Rgj"
"asana","https://saasverdict.com/posts/asana-review-2026-best-software-tools/","https://saasverdict.com/go/asana","https://asana.sjv.io/affiliate"
"asebbo","https://saasverdict.com/posts/asebbo-review-2026-best-software-tools/","https://saasverdict.com/go/asebbo","https://asebbo.pxf.io/rQjvZ5"
"aspiron","https://saasverdict.com/posts/aspiron-review-2026-best-software-tools/","https://saasverdict.com/go/aspiron","https://aspironcom.sjv.io/q4r1NN"
"atezr","https://saasverdict.com/posts/atezr-review-2026-best-software-tools/","https://saasverdict.com/go/atezr","https://atezr.pxf.io/q4rR7N"
"authorize-net","https://saasverdict.com/posts/authorize-net-review-2026-best-software-tools/","https://saasverdict.com/go/authorize-net","https://authorize.net/affiliate"
"automate-io","https://saasverdict.com/posts/automate-io-review-2026-best-software-tools/","https://saasverdict.com/go/automate-io","https://automate.io/affiliate"
"automator","https://saasverdict.com/posts/automator-review-2026-best-software-tools/","https://saasverdict.com/go/automator","https://automator.com/affiliate"
"automattic","https://saasverdict.com/posts/automattic-review-2026-best-software-tools/","https://saasverdict.com/go/automattic","https://automattic.pxf.io/K0QxmN"
"avast","https://saasverdict.com/posts/avast-review-2026-best-software-tools/","https://saasverdict.com/go/avast","https://avast.sjv.io/affiliate"
"avg","https://saasverdict.com/posts/avg-review-2026-best-software-tools/","https://saasverdict.com/go/avg","https://avg.sjv.io/affiliate"
"aws","https://saasverdict.com/posts/aws-review-2026-best-software-tools/","https://saasverdict.com/go/aws","https://aws.amazon.com/affiliate"
"azure","https://saasverdict.com/posts/azure-review-2026-best-software-tools/","https://saasverdict.com/go/azure","https://azure.microsoft.com/affiliate"
"baby-sunnies","https://saasverdict.com/posts/baby-sunnies-review-2026-best-software-tools/","https://saasverdict.com/go/baby-sunnies","https://babysunnies.pxf.io/ZQ02WR"
"backblaze","https://saasverdict.com/posts/backblaze-review-2026-best-software-tools/","https://saasverdict.com/go/backblaze","https://backblaze.sjv.io/affiliate"
"bamboohr","https://saasverdict.com/posts/bamboohr-review-2026-best-software-tools/","https://saasverdict.com/go/bamboohr","https://bamboohr.sjv.io/affiliate"
"basecamp","https://saasverdict.com/posts/basecamp-review-2026-best-software-tools/","https://saasverdict.com/go/basecamp","https://basecamp.com/affiliate"
"base-crm","https://saasverdict.com/posts/base-crm-review-2026-best-software-tools/","https://saasverdict.com/go/base-crm","https://getbase.com/affiliate"
"battlenet","https://saasverdict.com/posts/battlenet-review-2026-best-software-tools/","https://saasverdict.com/go/battlenet","https://battlenet.com/affiliate"
"bdthemes-element-pack","https://saasverdict.com/posts/bdthemes-element-pack-review-2026-best-software-tools/","https://saasverdict.com/go/bdthemes-element-pack","https://elementpackpro.sjv.io/trial"
"bear","https://saasverdict.com/posts/bear-review-2026-best-software-tools/","https://saasverdict.com/go/bear","https://bear.app/affiliate"
"beautikini","https://saasverdict.com/posts/beautikini-review-2026-best-software-tools/","https://saasverdict.com/go/beautikini","https://beautikini.sjv.io/NkAgyK"
"bench","https://saasverdict.com/posts/bench-review-2026-best-software-tools/","https://saasverdict.com/go/bench","https://bench.co/affiliate"
"betternet","https://saasverdict.com/posts/betternet-review-2026-best-software-tools/","https://saasverdict.com/go/betternet","https://betternet.sjv.io/affiliate"
"beyondtrust","https://saasverdict.com/posts/beyondtrust-review-2026-best-software-tools/","https://saasverdict.com/go/beyondtrust","https://beyondtrust.sjv.io/affiliate"
"big-bat-box","https://saasverdict.com/posts/big-bat-box-review-2026-best-software-tools/","https://saasverdict.com/go/big-bat-box","https://big-bat-box.pxf.io/6e2aJb"
"bigcartel","https://saasverdict.com/posts/bigcartel-review-2026-best-software-tools/","https://saasverdict.com/go/bigcartel","https://bigcartel.com/affiliate"
"bigcommerce","https://saasverdict.com/posts/bigcommerce-review-2026-best-software-tools/","https://saasverdict.com/go/bigcommerce","https://bigcommerce.sjv.io/affiliate"
"bitbucket","https://saasverdict.com/posts/bitbucket-review-2026-best-software-tools/","https://saasverdict.com/go/bitbucket","https://bitbucket.org/affiliate"
"bitdefender","https://saasverdict.com/posts/bitdefender-review-2026-best-software-tools/","https://saasverdict.com/go/bitdefender","https://bitdefender.f9tmep.net/trial"
"bitwarden","https://saasverdict.com/posts/bitwarden-review-2026-best-software-tools/","https://saasverdict.com/go/bitwarden","https://bitwarden.sjv.io/affiliate"
"bixby","https://saasverdict.com/posts/bixby-review-2026-best-software-tools/","https://saasverdict.com/go/bixby","https://samsung.com/bixby/affiliate"
"bluehost","https://saasverdict.com/posts/bluehost-review-2026-best-software-tools/","https://saasverdict.com/go/bluehost","https://bluehost.sjv.io/affiliate"
"bluetti-de","https://saasverdict.com/posts/bluetti-de-review-2026-best-software-tools/","https://saasverdict.com/go/bluetti-de","https://bluettide.pxf.io/AWLbZR"
"bluetti-es","https://saasverdict.com/posts/bluetti-es-review-2026-best-software-tools/","https://saasverdict.com/go/bluetti-es","https://bluetties.sjv.io/Py1PMq"
"bluetti-eu","https://saasverdict.com/posts/bluetti-eu-review-2026-best-software-tools/","https://saasverdict.com/go/bluetti-eu","https://bluettieu.pxf.io/jrKvbn"
"bluetti-fr","https://saasverdict.com/posts/bluetti-fr-review-2026-best-software-tools/","https://saasverdict.com/go/bluetti-fr","https://bluettifr.pxf.io/4P614G"
"bluetti-it","https://saasverdict.com/posts/bluetti-it-review-2026-best-software-tools/","https://saasverdict.com/go/bluetti-it","https://bluettiit.sjv.io/B0q6g9"
"bluetti-us","https://saasverdict.com/posts/bluetti-us-review-2026-best-software-tools/","https://saasverdict.com/go/bluetti-us","https://bluettius.sjv.io/jrKvqa"
"bodyotics","https://saasverdict.com/posts/bodyotics-review-2026-best-software-tools/","https://saasverdict.com/go/bodyotics","https://bodyotics.sjv.io/m5x6M7"
"bomgar","https://saasverdict.com/posts/bomgar-review-2026-best-software-tools/","https://saasverdict.com/go/bomgar","https://bomgar.com/affiliate"
"bondi-sands-australia","https://saasverdict.com/posts/bondi-sands-australia-review-2026-best-software-tools/","https://saasverdict.com/go/bondi-sands-australia","https://bondi-sands-australia.pxf.io/NkAgQN"
"bookwhen","https://saasverdict.com/posts/bookwhen-review-2026-best-software-tools/","https://saasverdict.com/go/bookwhen","https://bookwhen.com/affiliate"
"boomi","https://saasverdict.com/posts/boomi-review-2026-best-software-tools/","https://saasverdict.com/go/boomi","https://boomi.com/affiliate"
"box","https://saasverdict.com/posts/box-review-2026-best-software-tools/","https://saasverdict.com/go/box","https://metabox.sjv.io/trail"
"braintree","https://saasverdict.com/posts/braintree-review-2026-best-software-tools/","https://saasverdict.com/go/braintree","https://braintree.com/affiliate"
"brandwatch","https://saasverdict.com/posts/brandwatch-review-2026-best-software-tools/","https://saasverdict.com/go/brandwatch","https://brandwatch.com/affiliate"
"braun-de","https://saasverdict.com/posts/braun-de-review-2026-best-software-tools/","https://saasverdict.com/go/braun-de","https://braungermany.pxf.io/KjkDL9"
"braun-it","https://saasverdict.com/posts/braun-it-review-2026-best-software-tools/","https://saasverdict.com/go/braun-it","https://braunit.sjv.io/194bY9"
"brilliant","https://saasverdict.com/posts/brilliant-review-2026-best-software-tools/","https://saasverdict.com/go/brilliant","https://brilliant.org/affiliate"
"brother-usa","https://saasverdict.com/posts/brother-usa-review-2026-best-software-tools/","https://saasverdict.com/go/brother-usa","https://brother.pxf.io/EKQnBW"
"buffer","https://saasverdict.com/posts/buffer-review-2026-best-software-tools/","https://saasverdict.com/go/buffer","https://buffer.sjv.io/affiliate"
"bundle-stars","https://saasverdict.com/posts/bundle-stars-review-2026-best-software-tools/","https://saasverdict.com/go/bundle-stars","https://bundlestars.com/affiliate"
"burp-suite","https://saasverdict.com/posts/burp-suite-review-2026-best-software-tools/","https://saasverdict.com/go/burp-suite","https://burpsuite.sjv.io/affiliate"
"byre-group","https://saasverdict.com/posts/byre-group-review-2026-best-software-tools/","https://saasverdict.com/go/byre-group","https://byre-group.pxf.io/k0Lnen"
"cakerush","https://saasverdict.com/posts/cakerush-review-2026-best-software-tools/","https://saasverdict.com/go/cakerush","https://cakerush.sjv.io/21nAqQ"
"calendly","https://saasverdict.com/posts/calendly-review-2026-best-software-tools/","https://saasverdict.com/go/calendly","https://calendly.sjv.io/affiliate"
"campaign-monitor","https://saasverdict.com/posts/campaign-monitor-review-2026-best-software-tools/","https://saasverdict.com/go/campaign-monitor","https://campaignmonitor.sjv.io/affiliate"
"canva","https://saasverdict.com/posts/canva-review-2026-best-software-tools/","https://saasverdict.com/go/canva","https://canva.sjv.io/affiliate"
"capcut","https://saasverdict.com/posts/capcut-review-2026-best-software-tools/","https://saasverdict.com/go/capcut","https://capcutaffiliateprogram.pxf.io/Vx14kO"
"capsule","https://saasverdict.com/posts/capsule-review-2026-best-software-tools/","https://saasverdict.com/go/capsule","https://capsulecrm.com/affiliate"
"carbonite","https://saasverdict.com/posts/carbonite-review-2026-best-software-tools/","https://saasverdict.com/go/carbonite","https://carbonite.sjv.io/affiliate"
"cashgamer","https://saasverdict.com/posts/cashgamer-review-2026-best-software-tools/","https://saasverdict.com/go/cashgamer","https://bigcashapp.pxf.io/JKDq6q"
"celigo","https://saasverdict.com/posts/celigo-review-2026-best-software-tools/","https://saasverdict.com/go/celigo","https://celigo.com/affiliate"
"charlemange","https://saasverdict.com/posts/charlemange-review-2026-best-software-tools/","https://saasverdict.com/go/charlemange","https://charlemange.pxf.io/k0L5dM"
"cheese-credit-builder","https://saasverdict.com/posts/cheese-credit-builder-review-2026-best-software-tools/","https://saasverdict.com/go/cheese-credit-builder","https://cheesecreditbuilder.sjv.io/rQjV2d"
"chrome-remote-desktop","https://saasverdict.com/posts/chrome-remote-desktop-review-2026-best-software-tools/","https://saasverdict.com/go/chrome-remote-desktop","https://remotedesktop.google.com/affiliate"
"chronly","https://saasverdict.com/posts/chronly-review-2026-best-software-tools/","https://saasverdict.com/go/chronly","https://chronly.com/affiliate"
"circleci","https://saasverdict.com/posts/circleci-review-2026-best-software-tools/","https://saasverdict.com/go/circleci","https://circleci.sjv.io/affiliate"
"clawcloud-singapore","https://saasverdict.com/posts/clawcloud-singapore-review-2026-best-software-tools/","https://saasverdict.com/go/clawcloud-singapore","https://clawcloudsingaporeprivatelimited.sjv.io/trial"
"clean-email","https://saasverdict.com/posts/clean-email-review-2026-best-software-tools/","https://saasverdict.com/go/clean-email","https://cleanemailr.pxf.io/gO3onA"
"clickup","https://saasverdict.com/posts/clickup-review-2026-best-software-tools/","https://saasverdict.com/go/clickup","https://clickup.sjv.io/affiliate"
"clion","https://saasverdict.com/posts/clion-review-2026-best-software-tools/","https://saasverdict.com/go/clion","https://jetbrains.com/clion/affiliate"
"clockwise","https://saasverdict.com/posts/clockwise-review-2026-best-software-tools/","https://saasverdict.com/go/clockwise","https://clockwise.com/affiliate"
"close","https://saasverdict.com/posts/close-review-2026-best-software-tools/","https://saasverdict.com/go/close","https://close.com/affiliate"
"cloudfield","https://saasverdict.com/posts/cloudfield-review-2026-best-software-tools/","https://saasverdict.com/go/cloudfield","https://cloudfield.pxf.io/Mma463"
"cloudflare","https://saasverdict.com/posts/cloudflare-review-2026-best-software-tools/","https://saasverdict.com/go/cloudflare","https://cloudflare.sjv.io/affiliate"
"coach-soak","https://saasverdict.com/posts/coach-soak-review-2026-best-software-tools/","https://saasverdict.com/go/coach-soak","https://coach-soak.sjv.io/da4XBW"
"coda","https://saasverdict.com/posts/coda-review-2026-best-software-tools/","https://saasverdict.com/go/coda","https://coda.io/affiliate"
"codecademy","https://saasverdict.com/posts/codecademy-review-2026-best-software-tools/","https://saasverdict.com/go/codecademy","https://codecademy.sjv.io/affiliate"
"cognito-forms","https://saasverdict.com/posts/cognito-forms-review-2026-best-software-tools/","https://saasverdict.com/go/cognito-forms","https://cognitoforms.com/affiliate"
"cohesity","https://saasverdict.com/posts/cohesity-review-2026-best-software-tools/","https://saasverdict.com/go/cohesity","https://cohesity.sjv.io/affiliate"
"coinrule","https://saasverdict.com/posts/coinrule-review-2026-best-software-tools/","https://saasverdict.com/go/coinrule","https://coinrule.sjv.io/trial"
"commvault","https://saasverdict.com/posts/commvault-review-2026-best-software-tools/","https://saasverdict.com/go/commvault","https://commvault.sjv.io/affiliate"
"comodo","https://saasverdict.com/posts/comodo-review-2026-best-software-tools/","https://saasverdict.com/go/comodo","https://comodo.sjv.io/affiliate"
"constant-contact","https://saasverdict.com/posts/constant-contact-review-2026-best-software-tools/","https://saasverdict.com/go/constant-contact","https://constantcontact.sjv.io/affiliate"
"contact-form-7","https://saasverdict.com/posts/contact-form-7-review-2026-best-software-tools/","https://saasverdict.com/go/contact-form-7","https://contactform7.com/affiliate"
"contentstudio","https://saasverdict.com/posts/contentstudio-review-2026-best-software-tools/","https://saasverdict.com/go/contentstudio","https://contentstudio.io/affiliate"
"convertkit","https://saasverdict.com/posts/convertkit-review-2026-best-software-tools/","https://saasverdict.com/go/convertkit","https://convertkit.sjv.io/affiliate"
"coohom","https://saasverdict.com/posts/coohom-review-2026-best-software-tools/","https://saasverdict.com/go/coohom","https://coohom.pxf.io/trial"
"cortana","https://saasverdict.com/posts/cortana-review-2026-best-software-tools/","https://saasverdict.com/go/cortana","https://microsoft.com/cortana/affiliate"
"coursera","https://saasverdict.com/posts/coursera-review-2026-best-software-tools/","https://saasverdict.com/go/coursera","https://coursera.sjv.io/affiliate"
"cowinaudio","https://saasverdict.com/posts/cowinaudio-review-2026-best-software-tools/","https://saasverdict.com/go/cowinaudio","https://cowinaudio.pxf.io/trials"
"craft","https://saasverdict.com/posts/craft-review-2026-best-software-tools/","https://saasverdict.com/go/craft","https://craft.do/affiliate"
"crashplan","https://saasverdict.com/posts/crashplan-review-2026-best-software-tools/","https://saasverdict.com/go/crashplan","https://crashplan.com/affiliate"
"crazy-egg","https://saasverdict.com/posts/crazy-egg-review-2026-best-software-tools/","https://saasverdict.com/go/crazy-egg","https://crazyegg.sjv.io/affiliate"
"crisp","https://saasverdict.com/posts/crisp-review-2026-best-software-tools/","https://saasverdict.com/go/crisp","https://crisp.chat/affiliate"
"crowdfire","https://saasverdict.com/posts/crowdfire-review-2026-best-software-tools/","https://saasverdict.com/go/crowdfire","https://crowdfireapp.com/affiliate"
"cyberghost","https://saasverdict.com/posts/cyberghost-review-2026-best-software-tools/","https://saasverdict.com/go/cyberghost","https://cyberghost.sjv.io/affiliate"
"dashlane","https://saasverdict.com/posts/dashlane-review-2026-best-software-tools/","https://saasverdict.com/go/dashlane","https://dashlane.sjv.io/affiliate"
"datacamp","https://saasverdict.com/posts/datacamp-review-2026-best-software-tools/","https://saasverdict.com/go/datacamp","https://datacamp.sjv.io/affiliate"
"datadog","https://saasverdict.com/posts/datadog-review-2026-best-software-tools/","https://saasverdict.com/go/datadog","https://datadog.sjv.io/affiliate"
"datagrip","https://saasverdict.com/posts/datagrip-review-2026-best-software-tools/","https://saasverdict.com/go/datagrip","https://jetbrains.com/datagrip/affiliate"
"dataloader-io","https://saasverdict.com/posts/dataloader-io-review-2026-best-software-tools/","https://saasverdict.com/go/dataloader-io","https://dataloader.io/affiliate"
"decodo-smartproxy","https://saasverdict.com/posts/decodo-smartproxy-review-2026-best-software-tools/","https://saasverdict.com/go/decodo-smartproxy","https://smartproxy.pxf.io/FreeTrial"
"dell-emc","https://saasverdict.com/posts/dell-emc-review-2026-best-software-tools/","https://saasverdict.com/go/dell-emc","https://dell.com/emc/affiliate"
"dhgate","https://saasverdict.com/posts/dhgate-review-2026-best-software-tools/","https://saasverdict.com/go/dhgate","https://dhgate.sjv.io/trial"
"digitalocean","https://saasverdict.com/posts/digitalocean-review-2026-best-software-tools/","https://saasverdict.com/go/digitalocean","https://digitalocean.sjv.io/affiliate"
"dirbuster","https://saasverdict.com/posts/dirbuster-review-2026-best-software-tools/","https://saasverdict.com/go/dirbuster","https://sourceforge.net/projects/dirbuster/affiliate"
"discord","https://saasverdict.com/posts/discord-review-2026-best-software-tools/","https://saasverdict.com/go/discord","https://discord.sjv.io/affiliate"
"docker","https://saasverdict.com/posts/docker-review-2026-best-software-tools/","https://saasverdict.com/go/docker","https://docker.sjv.io/affiliate"
"doodle","https://saasverdict.com/posts/doodle-review-2026-best-software-tools/","https://saasverdict.com/go/doodle","https://doodle.com/affiliate"
"dreame-us","https://saasverdict.com/posts/dreame-us-review-2026-best-software-tools/","https://saasverdict.com/go/dreame-us","https://dreame.sjv.io/AWLrEJ"
"dreamhost","https://saasverdict.com/posts/dreamhost-review-2026-best-software-tools/","https://saasverdict.com/go/dreamhost","https://dreamhost.sjv.io/affiliate"
"drip","https://saasverdict.com/posts/drip-review-2026-best-software-tools/","https://saasverdict.com/go/drip","https://drip.sjv.io/affiliate"
"dropbox","https://saasverdict.com/posts/dropbox-review-2026-best-software-tools/","https://saasverdict.com/go/dropbox","https://dropbox.sjv.io/affiliate"
"dymocks-books-gifts","https://saasverdict.com/posts/dymocks-books-gifts-review-2026-best-software-tools/","https://saasverdict.com/go/dymocks-books-gifts","https://dymocks-australia.pxf.io/GmrvNm"
"ebay","https://saasverdict.com/posts/ebay-review-2026-best-software-tools/","https://saasverdict.com/go/ebay","https://ebay.sjv.io/affiliate"
"ecwid","https://saasverdict.com/posts/ecwid-review-2026-best-software-tools/","https://saasverdict.com/go/ecwid","https://ecwid.sjv.io/affiliate"
"edX","https://saasverdict.com/posts/edx-review-2026-best-software-tools/","https://saasverdict.com/go/edX","https://edx.org/affiliate"
"egohome-mattress","https://saasverdict.com/posts/egohome-mattress-review-2026-best-software-tools/","https://saasverdict.com/go/egohome-mattress","https://mlilyusainc.pxf.io/rQjVMB"
"eimmie","https://saasverdict.com/posts/eimmie-review-2026-best-software-tools/","https://saasverdict.com/go/eimmie","https://eimmie.pxf.io/9gvXXY"
"elasticsearch","https://saasverdict.com/posts/elasticsearch-review-2026-best-software-tools/","https://saasverdict.com/go/elasticsearch","https://elastic.co/affiliate"
"electronicx","https://saasverdict.com/posts/electronicx-review-2026-best-software-tools/","https://saasverdict.com/go/electronicx","https://electronicx.pxf.io/trial"
"emakpato-digital-art","https://saasverdict.com/posts/emakpato-digital-art-review-2026-best-software-tools/","https://saasverdict.com/go/emakpato-digital-art","https://emakpatodigitalartphotographyandpainting.sjv.io/zxJjKr"
"emeet","https://saasverdict.com/posts/emeet-review-2026-best-software-tools/","https://saasverdict.com/go/emeet","https://emeetcom.pxf.io/R5JzEa"
"endoca","https://saasverdict.com/posts/endoca-review-2026-best-software-tools/","https://saasverdict.com/go/endoca","https://imp.i110150.net/trial"
"enpass","https://saasverdict.com/posts/enpass-review-2026-best-software-tools/","https://saasverdict.com/go/enpass","https://enpass.io/affiliate"
"epic-games","https://saasverdict.com/posts/epic-games-review-2026-best-software-tools/","https://saasverdict.com/go/epic-games","https://epicgames.com/affiliate"
"eset","https://saasverdict.com/posts/eset-review-2026-best-software-tools/","https://saasverdict.com/go/eset","https://eset.sjv.io/affiliate"
"esimx","https://saasverdict.com/posts/esimx-review-2026-best-software-tools/","https://saasverdict.com/go/esimx","https://skylarkconnectllc.pxf.io/DKDD65"
"etsy","https://saasverdict.com/posts/etsy-review-2026-best-software-tools/","https://saasverdict.com/go/etsy","https://etsy.sjv.io/affiliate"
"ettercap","https://saasverdict.com/posts/ettercap-review-2026-best-software-tools/","https://saasverdict.com/go/ettercap","https://ettercap.github.io/ettercap/affiliate"
"eufy-make","https://saasverdict.com/posts/eufy-make-review-2026-best-software-tools/","https://saasverdict.com/go/eufy-make","https://ankermake.sjv.io/AWLbra"
"eufy-nl-ca","https://saasverdict.com/posts/eufy-nl-ca-review-2026-best-software-tools/","https://saasverdict.com/go/eufy-nl-ca","https://eufy.sjv.io/QyV5B6"
"evernote","https://saasverdict.com/posts/evernote-review-2026-best-software-tools/","https://saasverdict.com/go/evernote","https://evernote.sjv.io/affiliate"
"expressvpn","https://saasverdict.com/posts/expressvpn-review-2026-best-software-tools/","https://saasverdict.com/go/expressvpn","https://expressvpn.sjv.io/affiliate"
"facebook-messenger","https://saasverdict.com/posts/facebook-messenger-review-2026-best-software-tools/","https://saasverdict.com/go/facebook-messenger","https://messenger.com/affiliate"
"fanatical","https://saasverdict.com/posts/fanatical-review-2026-best-software-tools/","https://saasverdict.com/go/fanatical","https://fanatical.com/affiliate"
"fastly","https://saasverdict.com/posts/fastly-review-2026-best-software-tools/","https://saasverdict.com/go/fastly","https://fastly.sjv.io/affiliate"
"fibery","https://saasverdict.com/posts/fibery-review-2026-best-software-tools/","https://saasverdict.com/go/fibery","https://fibery.io/affiliate"
"figjam","https://saasverdict.com/posts/figjam-review-2026-best-software-tools/","https://saasverdict.com/go/figjam","https://figma.com/figjam/affiliate"
"figma","https://saasverdict.com/posts/figma-review-2026-best-software-tools/","https://saasverdict.com/go/figma","https://figma.sjv.io/affiliate"
"firestone","https://saasverdict.com/posts/firestone-review-2026-best-software-tools/","https://saasverdict.com/go/firestone","https://firestone.sjv.io/affiliate"
"fitville","https://saasverdict.com/posts/fitville-review-2026-best-software-tools/","https://saasverdict.com/go/fitville","https://thefitville.pxf.io/jrKv30"
"flat-io","https://saasverdict.com/posts/flat-io-review-2026-best-software-tools/","https://saasverdict.com/go/flat-io","https://tutteo.pxf.io/B0qjg4"
"flowerchimp","https://saasverdict.com/posts/flowerchimp-review-2026-best-software-tools/","https://saasverdict.com/go/flowerchimp","https://flowerchimp.pxf.io/0Z0e7J"
"fluentd","https://saasverdict.com/posts/fluentd-review-2026-best-software-tools/","https://saasverdict.com/go/fluentd","https://fluentd.org/affiliate"
"foam","https://saasverdict.com/posts/foam-review-2026-best-software-tools/","https://saasverdict.com/go/foam","https://foambubble.github.io/foam/affiliate"
"fofana","https://saasverdict.com/posts/fofana-review-2026-best-software-tools/","https://saasverdict.com/go/fofana","https://fofana.sjv.io/DKDEvb"
"formsite","https://saasverdict.com/posts/formsite-review-2026-best-software-tools/","https://saasverdict.com/go/formsite","https://formsite.com/affiliate"
"formstack","https://saasverdict.com/posts/formstack-review-2026-best-software-tools/","https://saasverdict.com/go/formstack","https://formstack.sjv.io/affiliate"
"framer","https://saasverdict.com/posts/framer-review-2026-best-software-tools/","https://saasverdict.com/go/framer","https://framer.com/affiliate"
"freeCodeCamp","https://saasverdict.com/posts/freecodecamp-review-2026-best-software-tools/","https://saasverdict.com/go/freeCodeCamp","https://freecodecamp.org/affiliate"
"freshbooks","https://saasverdict.com/posts/freshbooks-review-2026-best-software-tools/","https://saasverdict.com/go/freshbooks","https://freshbooks.sjv.io/affiliate"
"freshdesk","https://saasverdict.com/posts/freshdesk-review-2026-best-software-tools/","https://saasverdict.com/go/freshdesk","https://freshdesk.sjv.io/affiliate"
"freshsales","https://saasverdict.com/posts/freshsales-review-2026-best-software-tools/","https://saasverdict.com/go/freshsales","https://freshsales.io/affiliate"
"front","https://saasverdict.com/posts/front-review-2026-best-software-tools/","https://saasverdict.com/go/front","https://frontapp.com/affiliate"
"f-secure","https://saasverdict.com/posts/f-secure-review-2026-best-software-tools/","https://saasverdict.com/go/f-secure","https://fsecure.sjv.io/affiliate"
"fullstory","https://saasverdict.com/posts/fullstory-review-2026-best-software-tools/","https://saasverdict.com/go/fullstory","https://fullstory.sjv.io/affiliate"
"funwhole","https://saasverdict.com/posts/funwhole-review-2026-best-software-tools/","https://saasverdict.com/go/funwhole","https://funwhole.sjv.io/g1y2x0"
"gafly","https://saasverdict.com/posts/gafly-review-2026-best-software-tools/","https://saasverdict.com/go/gafly","https://gafly.pxf.io/LXevbL"
"gamersgate","https://saasverdict.com/posts/gamersgate-review-2026-best-software-tools/","https://saasverdict.com/go/gamersgate","https://gamersgate.com/affiliate"
"ginger","https://saasverdict.com/posts/ginger-review-2026-best-software-tools/","https://saasverdict.com/go/ginger","https://gingersoftware.com/affiliate"
"github","https://saasverdict.com/posts/github-review-2026-best-software-tools/","https://saasverdict.com/go/github","https://github.sjv.io/affiliate"
"github-actions","https://saasverdict.com/posts/github-actions-review-2026-best-software-tools/","https://saasverdict.com/go/github-actions","https://github.com/features/actions/affiliate"
"gitlab","https://saasverdict.com/posts/gitlab-review-2026-best-software-tools/","https://saasverdict.com/go/gitlab","https://gitlab.sjv.io/affiliate"
"glassdoor","https://saasverdict.com/posts/glassdoor-review-2026-best-software-tools/","https://saasverdict.com/go/glassdoor","https://glassdoor.sjv.io/affiliate"
"godaddy","https://saasverdict.com/posts/godaddy-review-2026-best-software-tools/","https://saasverdict.com/go/godaddy","https://godaddy.sjv.io/affiliate"
"godlike-host","https://saasverdict.com/posts/godlike-host-review-2026-best-software-tools/","https://saasverdict.com/go/godlike-host","https://godlikehost.sjv.io/host"
"gog","https://saasverdict.com/posts/gog-review-2026-best-software-tools/","https://saasverdict.com/go/gog","https://gog.com/affiliate"
"goland","https://saasverdict.com/posts/goland-review-2026-best-software-tools/","https://saasverdict.com/go/goland","https://jetbrains.com/go/affiliate"
"google-analytics","https://saasverdict.com/posts/google-analytics-review-2026-best-software-tools/","https://saasverdict.com/go/google-analytics","https://analytics.google.com/affiliate"
"google-assistant","https://saasverdict.com/posts/google-assistant-review-2026-best-software-tools/","https://saasverdict.com/go/google-assistant","https://assistant.google.com/affiliate"
"google-calendar","https://saasverdict.com/posts/google-calendar-review-2026-best-software-tools/","https://saasverdict.com/go/google-calendar","https://calendar.google.com/affiliate"
"google-cloud","https://saasverdict.com/posts/google-cloud-review-2026-best-software-tools/","https://saasverdict.com/go/google-cloud","https://cloud.google.com/affiliate"
"google-docs","https://saasverdict.com/posts/google-docs-review-2026-best-software-tools/","https://saasverdict.com/go/google-docs","https://docs.google.com/affiliate"
"google-drive","https://saasverdict.com/posts/google-drive-review-2026-best-software-tools/","https://saasverdict.com/go/google-drive","https://drive.google.com/affiliate"
"google-forms","https://saasverdict.com/posts/google-forms-review-2026-best-software-tools/","https://saasverdict.com/go/google-forms","https://forms.google.com/affiliate"
"google-meet","https://saasverdict.com/posts/google-meet-review-2026-best-software-tools/","https://saasverdict.com/go/google-meet","https://meet.google.com/affiliate"
"gorgias","https://saasverdict.com/posts/gorgias-review-2026-best-software-tools/","https://saasverdict.com/go/gorgias","https://gorgias.sjv.io/affiliate"
"gotomeeting","https://saasverdict.com/posts/gotomeeting-review-2026-best-software-tools/","https://saasverdict.com/go/gotomeeting","https://gotomeeting.sjv.io/affiliate"
"grafana","https://saasverdict.com/posts/grafana-review-2026-best-software-tools/","https://saasverdict.com/go/grafana","https://grafana.sjv.io/affiliate"
"grammarly","https://saasverdict.com/posts/grammarly-review-2026-best-software-tools/","https://saasverdict.com/go/grammarly","https://grammarly.sjv.io/affiliate"
"gravity-forms","https://saasverdict.com/posts/gravity-forms-review-2026-best-software-tools/","https://saasverdict.com/go/gravity-forms","https://gravityforms.com/affiliate"
"graylog","https://saasverdict.com/posts/graylog-review-2026-best-software-tools/","https://saasverdict.com/go/graylog","https://graylog.org/affiliate"
"greenhouse","https://saasverdict.com/posts/greenhouse-review-2026-best-software-tools/","https://saasverdict.com/go/greenhouse","https://greenhouse.io/affiliate"
"green-man-gaming","https://saasverdict.com/posts/green-man-gaming-review-2026-best-software-tools/","https://saasverdict.com/go/green-man-gaming","https://greenmangaming.com/affiliate"
"gumroad","https://saasverdict.com/posts/gumroad-review-2026-best-software-tools/","https://saasverdict.com/go/gumroad","https://gumroad.sjv.io/affiliate"
"gusto","https://saasverdict.com/posts/gusto-review-2026-best-software-tools/","https://saasverdict.com/go/gusto","https://gusto.sjv.io/affiliate"
"habitica","https://saasverdict.com/posts/habitica-review-2026-best-software-tools/","https://saasverdict.com/go/habitica","https://habitica.sjv.io/affiliate"
"hana-emi","https://saasverdict.com/posts/hana-emi-review-2026-best-software-tools/","https://saasverdict.com/go/hana-emi","https://hana-emi.pxf.io/1rEj0a"
"happyfox","https://saasverdict.com/posts/happyfox-review-2026-best-software-tools/","https://saasverdict.com/go/happyfox","https://happyfox.com/affiliate"
"happy-sinks-eu","https://saasverdict.com/posts/happy-sinks-eu-review-2026-best-software-tools/","https://saasverdict.com/go/happy-sinks-eu","https://happy-sinks-eu.sjv.io/jrKvNZ"
"hashcat","https://saasverdict.com/posts/hashcat-review-2026-best-software-tools/","https://saasverdict.com/go/hashcat","https://hashcat.net/affiliate"
"heap","https://saasverdict.com/posts/heap-review-2026-best-software-tools/","https://saasverdict.com/go/heap","https://heap.io/affiliate"
"height","https://saasverdict.com/posts/height-review-2026-best-software-tools/","https://saasverdict.com/go/height","https://height.app/affiliate"
"helmsman-crystal","https://saasverdict.com/posts/helmsman-crystal-review-2026-best-software-tools/","https://saasverdict.com/go/helmsman-crystal","https://helmsmancrystal.sjv.io/0Z006Y"
"helpscout","https://saasverdict.com/posts/helpscout-review-2026-best-software-tools/","https://saasverdict.com/go/helpscout","https://helpscout.sjv.io/affiliate"
"hemingway","https://saasverdict.com/posts/hemingway-review-2026-best-software-tools/","https://saasverdict.com/go/hemingway","https://hemingwayapp.com/affiliate"
"hemp-bombs","https://saasverdict.com/posts/hemp-bombs-review-2026-best-software-tools/","https://saasverdict.com/go/hemp-bombs","https://hempbombs.pxf.io/rQjvPj"
"heroku","https://saasverdict.com/posts/heroku-review-2026-best-software-tools/","https://saasverdict.com/go/heroku","https://heroku.sjv.io/affiliate"
"hide-my-ass","https://saasverdict.com/posts/hide-my-ass-review-2026-best-software-tools/","https://saasverdict.com/go/hide-my-ass","https://hidemyass.sjv.io/affiliate"
"hieno-supplies","https://saasverdict.com/posts/hieno-supplies-review-2026-best-software-tools/","https://saasverdict.com/go/hieno-supplies","https://hieno-supplies.sjv.io/jrKEv6"
"homestyler","https://saasverdict.com/posts/homestyler-review-2026-best-software-tools/","https://saasverdict.com/go/homestyler","https://homestyler.sjv.io/trial"
"hootsuite","https://saasverdict.com/posts/hootsuite-review-2026-best-software-tools/","https://saasverdict.com/go/hootsuite","https://hootsuite.sjv.io/affiliate"
"hostgator","https://saasverdict.com/posts/hostgator-review-2026-best-software-tools/","https://saasverdict.com/go/hostgator","https://hostgator.sjv.io/affiliate"
"hostinger","https://saasverdict.com/posts/hostinger-review-2026-best-software-tools/","https://saasverdict.com/go/hostinger","https://hostinger.sjv.io/affiliate"
"hotjar","https://saasverdict.com/posts/hotjar-review-2026-best-software-tools/","https://saasverdict.com/go/hotjar","https://hotjar.sjv.io/affiliate"
"hoto","https://saasverdict.com/posts/hoto-review-2026-best-software-tools/","https://saasverdict.com/go/hoto","https://hototools.sjv.io/k0LnxV"
"hotspot-shield","https://saasverdict.com/posts/hotspot-shield-review-2026-best-software-tools/","https://saasverdict.com/go/hotspot-shield","https://hotspotshield.sjv.io/affiliate"
"hpe-simplivity","https://saasverdict.com/posts/hpe-simplivity-review-2026-best-software-tools/","https://saasverdict.com/go/hpe-simplivity","https://hpe.com/simplivity/affiliate"
"hubspot","https://saasverdict.com/posts/hubspot-review-2026-best-software-tools/","https://saasverdict.com/go/hubspot","https://hubspot.sjv.io/affiliate"
"humble-bundle","https://saasverdict.com/posts/humble-bundle-review-2026-best-software-tools/","https://saasverdict.com/go/humble-bundle","https://humblebundleinc.sjv.io/6y4G6q"
"ibm-spectrum","https://saasverdict.com/posts/ibm-spectrum-review-2026-best-software-tools/","https://saasverdict.com/go/ibm-spectrum","https://ibm.com/spectrum/affiliate"
"icloud","https://saasverdict.com/posts/icloud-review-2026-best-software-tools/","https://saasverdict.com/go/icloud","https://icloud.com/affiliate"
"iconosquare","https://saasverdict.com/posts/iconosquare-review-2026-best-software-tools/","https://saasverdict.com/go/iconosquare","https://iconosquare.com/affiliate"
"ifttt","https://saasverdict.com/posts/ifttt-review-2026-best-software-tools/","https://saasverdict.com/go/ifttt","https://ifttt.sjv.io/affiliate"
"indeed","https://saasverdict.com/posts/indeed-review-2026-best-software-tools/","https://saasverdict.com/go/indeed","https://indeed.sjv.io/affiliate"
"indiegala","https://saasverdict.com/posts/indiegala-review-2026-best-software-tools/","https://saasverdict.com/go/indiegala","https://indiegala.com/affiliate"
"inDinero","https://saasverdict.com/posts/indinero-review-2026-best-software-tools/","https://saasverdict.com/go/inDinero","https://indinero.com/affiliate"
"indo-trick-scooter","https://saasverdict.com/posts/indo-trick-scooter-review-2026-best-software-tools/","https://saasverdict.com/go/indo-trick-scooter","https://indo-tricks-scooter.sjv.io/OrGNqZ"
"influxdb","https://saasverdict.com/posts/influxdb-review-2026-best-software-tools/","https://saasverdict.com/go/influxdb","https://influxdata.com/affiliate"
"informatica","https://saasverdict.com/posts/informatica-review-2026-best-software-tools/","https://saasverdict.com/go/informatica","https://informatica.com/affiliate"
"inmotion","https://saasverdict.com/posts/inmotion-review-2026-best-software-tools/","https://saasverdict.com/go/inmotion","https://inmotion.sjv.io/affiliate"
"insightly","https://saasverdict.com/posts/insightly-review-2026-best-software-tools/","https://saasverdict.com/go/insightly","https://insightly.sjv.io/affiliate"
"inspiration-affiliate","https://saasverdict.com/posts/inspiration-affiliate-review-2026-best-software-tools/","https://saasverdict.com/go/inspiration-affiliate","https://inspirationaffiliateprogramme.sjv.io/OeP1DW"
"integromat","https://saasverdict.com/posts/integromat-review-2026-best-software-tools/","https://saasverdict.com/go/integromat","https://integromat.com/affiliate"
"intellectia-ai","https://saasverdict.com/posts/intellectia-ai-review-2026-best-software-tools/","https://saasverdict.com/go/intellectia-ai","https://intellectia.sjv.io/3J47KM"
"intellij-idea","https://saasverdict.com/posts/intellij-idea-review-2026-best-software-tools/","https://saasverdict.com/go/intellij-idea","https://jetbrains.com/idea/affiliate"
"intercom","https://saasverdict.com/posts/intercom-review-2026-best-software-tools/","https://saasverdict.com/go/intercom","https://intercom.sjv.io/affiliate"
"invision","https://saasverdict.com/posts/invision-review-2026-best-software-tools/","https://saasverdict.com/go/invision","https://invisionapp.com/affiliate"
"iproyal","https://saasverdict.com/posts/iproyal-review-2026-best-software-tools/","https://saasverdict.com/go/iproyal","https://iproyal.sjv.io/GK7Pv6"
"ipvanish","https://saasverdict.com/posts/ipvanish-review-2026-best-software-tools/","https://saasverdict.com/go/ipvanish","https://ipvanish.sjv.io/affiliate"
"iron-bull-strength","https://saasverdict.com/posts/iron-bull-strength-review-2026-best-software-tools/","https://saasverdict.com/go/iron-bull-strength","https://ironbullstrength.pxf.io/DKD53G"
"itch-io","https://saasverdict.com/posts/itch-io-review-2026-best-software-tools/","https://saasverdict.com/go/itch-io","https://itch.io/affiliate"
"ivpn","https://saasverdict.com/posts/ivpn-review-2026-best-software-tools/","https://saasverdict.com/go/ivpn","https://ivpn.net/affiliate"
"jalbum","https://saasverdict.com/posts/jalbum-review-2026-best-software-tools/","https://saasverdict.com/go/jalbum","https://jalbum-affiliate-program.sjv.io/trial"
"jenkins","https://saasverdict.com/posts/jenkins-review-2026-best-software-tools/","https://saasverdict.com/go/jenkins","https://jenkins.io/affiliate"
"jira","https://saasverdict.com/posts/jira-review-2026-best-software-tools/","https://saasverdict.com/go/jira","https://jira.atlassian.com/affiliate"
"jitterbit","https://saasverdict.com/posts/jitterbit-review-2026-best-software-tools/","https://saasverdict.com/go/jitterbit","https://jitterbit.com/affiliate"
"john-the-ripper","https://saasverdict.com/posts/john-the-ripper-review-2026-best-software-tools/","https://saasverdict.com/go/john-the-ripper","https://openwall.com/john/affiliate"
"join-me","https://saasverdict.com/posts/join-me-review-2026-best-software-tools/","https://saasverdict.com/go/join-me","https://join.me/affiliate"
"joplin","https://saasverdict.com/posts/joplin-review-2026-best-software-tools/","https://saasverdict.com/go/joplin","https://joplinapp.org/affiliate"
"jotform","https://saasverdict.com/posts/jotform-review-2026-best-software-tools/","https://saasverdict.com/go/jotform","https://jotform.sjv.io/affiliate"
"joyoshare","https://saasverdict.com/posts/joyoshare-review-2026-best-software-tools/","https://saasverdict.com/go/joyoshare","https://joyoshare.pxf.io/vPA2Kv"
"kaggle","https://saasverdict.com/posts/kaggle-review-2026-best-software-tools/","https://saasverdict.com/go/kaggle","https://kaggle.com/affiliate"
"kaspersky","https://saasverdict.com/posts/kaspersky-review-2026-best-software-tools/","https://saasverdict.com/go/kaspersky","https://kaspersky.sjv.io/affiliate"
"kayako","https://saasverdict.com/posts/kayako-review-2026-best-software-tools/","https://saasverdict.com/go/kayako","https://kayako.com/affiliate"
"keepass","https://saasverdict.com/posts/keepass-review-2026-best-software-tools/","https://saasverdict.com/go/keepass","https://keepass.info/affiliate"
"keeper","https://saasverdict.com/posts/keeper-review-2026-best-software-tools/","https://saasverdict.com/go/keeper","https://keepersecurity.sjv.io/affiliate"
"khan-academy","https://saasverdict.com/posts/khan-academy-review-2026-best-software-tools/","https://saasverdict.com/go/khan-academy","https://khanacademy.org/affiliate"
"kibana","https://saasverdict.com/posts/kibana-review-2026-best-software-tools/","https://saasverdict.com/go/kibana","https://elastic.co/affiliate"
"kik","https://saasverdict.com/posts/kik-review-2026-best-software-tools/","https://saasverdict.com/go/kik","https://kik.com/affiliate"
"kikoff","https://saasverdict.com/posts/kikoff-review-2026-best-software-tools/","https://saasverdict.com/go/kikoff","https://kikoff.pxf.io/VmoGWE"
"kittl","https://saasverdict.com/posts/kittl-review-2026-best-software-tools/","https://saasverdict.com/go/kittl","https://kittl.pxf.io/trial"
"kkday-australia","https://saasverdict.com/posts/kkday-australia-review-2026-best-software-tools/","https://saasverdict.com/go/kkday-australia","https://kkday.sjv.io/trial"
"kkday-singapore","https://saasverdict.com/posts/kkday-singapore-review-2026-best-software-tools/","https://saasverdict.com/go/kkday-singapore","https://kkdaysg.pxf.io/ZQ0kaK"
"klaviyo","https://saasverdict.com/posts/klaviyo-review-2026-best-software-tools/","https://saasverdict.com/go/klaviyo","https://klaviyo.sjv.io/affiliate"
"kollyy","https://saasverdict.com/posts/kollyy-review-2026-best-software-tools/","https://saasverdict.com/go/kollyy","https://kollyy.sjv.io/9gv1Kj"
"krisp","https://saasverdict.com/posts/krisp-review-2026-best-software-tools/","https://saasverdict.com/go/krisp","https://krisp.pxf.io/4G4d7n"
"kruze-consulting","https://saasverdict.com/posts/kruze-consulting-review-2026-best-software-tools/","https://saasverdict.com/go/kruze-consulting","https://kruzeconsulting.com/affiliate"
"kubernetes","https://saasverdict.com/posts/kubernetes-review-2026-best-software-tools/","https://saasverdict.com/go/kubernetes","https://kubernetes.io/affiliate"
"kustomer","https://saasverdict.com/posts/kustomer-review-2026-best-software-tools/","https://saasverdict.com/go/kustomer","https://kustomer.sjv.io/affiliate"
"kWFinder","https://saasverdict.com/posts/kwfinder-review-2026-best-software-tools/","https://saasverdict.com/go/kWFinder","https://kwfinder.com/affiliate"
"language-tool","https://saasverdict.com/posts/language-tool-review-2026-best-software-tools/","https://saasverdict.com/go/language-tool","https://languagetool.org/affiliate"
"lastpass","https://saasverdict.com/posts/lastpass-review-2026-best-software-tools/","https://saasverdict.com/go/lastpass","https://lastpass.sjv.io/affiliate"
"later","https://saasverdict.com/posts/later-review-2026-best-software-tools/","https://saasverdict.com/go/later","https://later.sjv.io/affiliate"
"lenovo-india","https://saasverdict.com/posts/lenovo-india-review-2026-best-software-tools/","https://saasverdict.com/go/lenovo-india","https://lenovo-in.zlvv.net/dO6RWj"
"lever","https://saasverdict.com/posts/lever-review-2026-best-software-tools/","https://saasverdict.com/go/lever","https://lever.co/affiliate"
"libreoffice","https://saasverdict.com/posts/libreoffice-review-2026-best-software-tools/","https://saasverdict.com/go/libreoffice","https://libreoffice.org/affiliate"
"lightailing","https://saasverdict.com/posts/lightailing-review-2026-best-software-tools/","https://saasverdict.com/go/lightailing","https://lightailing.sjv.io/N9jNxV"
"line","https://saasverdict.com/posts/line-review-2026-best-software-tools/","https://saasverdict.com/go/line","https://line.me/affiliate"
"linkedin","https://saasverdict.com/posts/linkedin-review-2026-best-software-tools/","https://saasverdict.com/go/linkedin","https://linkedin.sjv.io/affiliate"
"linkedin-learning","https://saasverdict.com/posts/linkedin-learning-review-2026-best-software-tools/","https://saasverdict.com/go/linkedin-learning","https://learning.linkedin.com/affiliate"
"linner-otc-hearing-aids","https://saasverdict.com/posts/linner-otc-hearing-aids-review-2026-best-software-tools/","https://saasverdict.com/go/linner-otc-hearing-aids","https://ephamedtechinc.pxf.io/trial"
"linode","https://saasverdict.com/posts/linode-review-2026-best-software-tools/","https://saasverdict.com/go/linode","https://linode.sjv.io/affiliate"
"livechat","https://saasverdict.com/posts/livechat-review-2026-best-software-tools/","https://saasverdict.com/go/livechat","https://livechat.com/affiliate"
"logentries","https://saasverdict.com/posts/logentries-review-2026-best-software-tools/","https://saasverdict.com/go/logentries","https://logentries.com/affiliate"
"loggly","https://saasverdict.com/posts/loggly-review-2026-best-software-tools/","https://saasverdict.com/go/loggly","https://loggly.sjv.io/affiliate"
"logmein","https://saasverdict.com/posts/logmein-review-2026-best-software-tools/","https://saasverdict.com/go/logmein","https://logmein.sjv.io/affiliate"
"logseq","https://saasverdict.com/posts/logseq-review-2026-best-software-tools/","https://saasverdict.com/go/logseq","https://logseq.com/affiliate"
"love-and-pebble","https://saasverdict.com/posts/love-and-pebble-review-2026-best-software-tools/","https://saasverdict.com/go/love-and-pebble","https://lovepebble.sjv.io/B0qj1x"
"luckyorange","https://saasverdict.com/posts/luckyorange-review-2026-best-software-tools/","https://saasverdict.com/go/luckyorange","https://luckyorange.sjv.io/affiliate"
"luvme-hair","https://saasverdict.com/posts/luvme-hair-review-2026-best-software-tools/","https://saasverdict.com/go/luvme-hair","https://luvmehair.sjv.io/ZQ0kWK"
"lux","https://saasverdict.com/posts/lux-review-2026-best-software-tools/","https://saasverdict.com/go/lux","https://lux.sjv.io/B0qjdL"
"luxury-escapes","https://saasverdict.com/posts/luxury-escapes-review-2026-best-software-tools/","https://saasverdict.com/go/luxury-escapes","https://luxuryescapes.sjv.io/xk0naR"
"luxury-toy-x","https://saasverdict.com/posts/luxury-toy-x-review-2026-best-software-tools/","https://saasverdict.com/go/luxury-toy-x","https://lstx.sjv.io/q4r1o5"
"lvly-sea","https://saasverdict.com/posts/lvly-sea-review-2026-best-software-tools/","https://saasverdict.com/go/lvly-sea","https://getlyla.pxf.io/vNe73j"
"lynda","https://saasverdict.com/posts/lynda-review-2026-best-software-tools/","https://saasverdict.com/go/lynda","https://lynda.com/affiliate"
"magento","https://saasverdict.com/posts/magento-review-2026-best-software-tools/","https://saasverdict.com/go/magento","https://magento.com/affiliate"
"mailchimp","https://saasverdict.com/posts/mailchimp-review-2026-best-software-tools/","https://saasverdict.com/go/mailchimp","https://mailchimp.sjv.io/affiliate"
"mailgun","https://saasverdict.com/posts/mailgun-review-2026-best-software-tools/","https://saasverdict.com/go/mailgun","https://mailgun.sjv.io/affiliate"
"mailjet","https://saasverdict.com/posts/mailjet-review-2026-best-software-tools/","https://saasverdict.com/go/mailjet","https://mailjet.sjv.io/affiliate"
"majestic","https://saasverdict.com/posts/majestic-review-2026-best-software-tools/","https://saasverdict.com/go/majestic","https://majestic.com/affiliate"
"major-fitness","https://saasverdict.com/posts/major-fitness-review-2026-best-software-tools/","https://saasverdict.com/go/major-fitness","https://majorfitness.sjv.io/4P63qM"
"make","https://saasverdict.com/posts/make-review-2026-best-software-tools/","https://saasverdict.com/go/make","https://ankermake.sjv.io/AWLbra"
"malaysia-healthcare-travel-council","https://saasverdict.com/posts/malaysia-healthcare-travel-council-review-2026-best-software-tools/","https://saasverdict.com/go/malaysia-healthcare-travel-council","https://malaysia-healthcare-travel-council.pxf.io/4P611L"
"malwarebytes","https://saasverdict.com/posts/malwarebytes-review-2026-best-software-tools/","https://saasverdict.com/go/malwarebytes","https://malwarebytes.sjv.io/affiliate"
"martinic-audio","https://saasverdict.com/posts/martinic-audio-review-2026-best-software-tools/","https://saasverdict.com/go/martinic-audio","https://martinic.evyy.net/trial"
"masterclass","https://saasverdict.com/posts/masterclass-review-2026-best-software-tools/","https://saasverdict.com/go/masterclass","https://masterclass.com/affiliate"
"mcafee","https://saasverdict.com/posts/mcafee-review-2026-best-software-tools/","https://saasverdict.com/go/mcafee","https://mcafee.sjv.io/affiliate"
"meet-encode","https://saasverdict.com/posts/meet-encode-review-2026-best-software-tools/","https://saasverdict.com/go/meet-encode","https://meetencode.com/affiliate"
"mega","https://saasverdict.com/posts/mega-review-2026-best-software-tools/","https://saasverdict.com/go/mega","https://mega.nz/affiliate"
"meta-box","https://saasverdict.com/posts/meta-box-review-2026-best-software-tools/","https://saasverdict.com/go/meta-box","https://metabox.sjv.io/trail"
"metasploit","https://saasverdict.com/posts/metasploit-review-2026-best-software-tools/","https://saasverdict.com/go/metasploit","https://metasploit.com/affiliate"
"mfi-medical","https://saasverdict.com/posts/mfi-medical-review-2026-best-software-tools/","https://saasverdict.com/go/mfi-medical","https://mfimedical.sjv.io/QyVV99"
"microsoft-forms","https://saasverdict.com/posts/microsoft-forms-review-2026-best-software-tools/","https://saasverdict.com/go/microsoft-forms","https://forms.microsoft.com/affiliate"
"microsoft-office","https://saasverdict.com/posts/microsoft-office-review-2026-best-software-tools/","https://saasverdict.com/go/microsoft-office","https://office.com/affiliate"
"microsoft-remote-desktop","https://saasverdict.com/posts/microsoft-remote-desktop-review-2026-best-software-tools/","https://saasverdict.com/go/microsoft-remote-desktop","https://microsoft.com/remote-desktop/affiliate"
"microsoft-teams","https://saasverdict.com/posts/microsoft-teams-review-2026-best-software-tools/","https://saasverdict.com/go/microsoft-teams","https://teams.microsoft.com/affiliate"
"microsoft-to-do","https://saasverdict.com/posts/microsoft-to-do-review-2026-best-software-tools/","https://saasverdict.com/go/microsoft-to-do","https://todo.microsoft.com/affiliate"
"milanote","https://saasverdict.com/posts/milanote-review-2026-best-software-tools/","https://saasverdict.com/go/milanote","https://milanote.com/affiliate"
"mindmanager","https://saasverdict.com/posts/mindmanager-review-2026-best-software-tools/","https://saasverdict.com/go/mindmanager","https://mindmanager.sjv.io/6e2vEE"
"mioeco","https://saasverdict.com/posts/mioeco-review-2026-best-software-tools/","https://saasverdict.com/go/mioeco","https://mioeco.sjv.io/NkAdrb"
"miro","https://saasverdict.com/posts/miro-review-2026-best-software-tools/","https://saasverdict.com/go/miro","https://miro.sjv.io/affiliate"
"missinglettr","https://saasverdict.com/posts/missinglettr-review-2026-best-software-tools/","https://saasverdict.com/go/missinglettr","https://missinglettr.com/affiliate"
"mixpanel","https://saasverdict.com/posts/mixpanel-review-2026-best-software-tools/","https://saasverdict.com/go/mixpanel","https://mixpanel.sjv.io/affiliate"
"monday-com","https://saasverdict.com/posts/monday-com-review-2026-best-software-tools/","https://saasverdict.com/go/monday-com","https://monday.com/affiliate"
"monster","https://saasverdict.com/posts/monster-review-2026-best-software-tools/","https://saasverdict.com/go/monster","https://monster.sjv.io/affiliate"
"mouseflow","https://saasverdict.com/posts/mouseflow-review-2026-best-software-tools/","https://saasverdict.com/go/mouseflow","https://mouseflow.sjv.io/affiliate"
"moz","https://saasverdict.com/posts/moz-review-2026-best-software-tools/","https://saasverdict.com/go/moz","https://moz.com/affiliate"
"muc-off","https://saasverdict.com/posts/muc-off-review-2026-best-software-tools/","https://saasverdict.com/go/muc-off","https://mucoff.sjv.io/jrKvg5"
"mulesoft","https://saasverdict.com/posts/mulesoft-review-2026-best-software-tools/","https://saasverdict.com/go/mulesoft","https://mulesoft.com/affiliate"
"mullvad","https://saasverdict.com/posts/mullvad-review-2026-best-software-tools/","https://saasverdict.com/go/mullvad","https://mullvad.net/affiliate"
"mullvad-vpn","https://saasverdict.com/posts/mullvad-vpn-review-2026-best-software-tools/","https://saasverdict.com/go/mullvad-vpn","https://mullvad.net/affiliate"
"mural","https://saasverdict.com/posts/mural-review-2026-best-software-tools/","https://saasverdict.com/go/mural","https://mural.co/affiliate"
"mushroom-supplies","https://saasverdict.com/posts/mushroom-supplies-review-2026-best-software-tools/","https://saasverdict.com/go/mushroom-supplies","https://mushroom-supplies.sjv.io/jrKEbM"
"mysterium-vpn","https://saasverdict.com/posts/mysterium-vpn-review-2026-best-software-tools/","https://saasverdict.com/go/mysterium-vpn","https://mysteriumvpn.pxf.io/Trial"
"namecheap","https://saasverdict.com/posts/namecheap-review-2026-best-software-tools/","https://saasverdict.com/go/namecheap","https://namecheap.sjv.io/affiliate"
"natural-cycles","https://saasverdict.com/posts/natural-cycles-review-2026-best-software-tools/","https://saasverdict.com/go/natural-cycles","https://natural-cycles.sjv.io/LXeQvV"
"nessus","https://saasverdict.com/posts/nessus-review-2026-best-software-tools/","https://saasverdict.com/go/nessus","https://tenable.com/products/nessus/affiliate"
"netapp","https://saasverdict.com/posts/netapp-review-2026-best-software-tools/","https://saasverdict.com/go/netapp","https://netapp.sjv.io/affiliate"
"netlify","https://saasverdict.com/posts/netlify-review-2026-best-software-tools/","https://saasverdict.com/go/netlify","https://netlify.sjv.io/affiliate"
"new-relic","https://saasverdict.com/posts/new-relic-review-2026-best-software-tools/","https://saasverdict.com/go/new-relic","https://newrelic.sjv.io/affiliate"
"nimble","https://saasverdict.com/posts/nimble-review-2026-best-software-tools/","https://saasverdict.com/go/nimble","https://nimble.com/affiliate"
"ninja-forms","https://saasverdict.com/posts/ninja-forms-review-2026-best-software-tools/","https://saasverdict.com/go/ninja-forms","https://ninjaforms.com/affiliate"
"nmap","https://saasverdict.com/posts/nmap-review-2026-best-software-tools/","https://saasverdict.com/go/nmap","https://nmap.org/affiliate"
"nordvpn","https://saasverdict.com/posts/nordvpn-review-2026-best-software-tools/","https://saasverdict.com/go/nordvpn","https://nordvpn.sjv.io/coupons"
"norton-360","https://saasverdict.com/posts/norton-360-review-2026-best-software-tools/","https://saasverdict.com/go/norton-360","https://norton.sjv.io/affiliate"
"notion","https://saasverdict.com/posts/notion-review-2026-best-software-tools/","https://saasverdict.com/go/notion","https://notion.sjv.io/affiliate"
"nudco","https://saasverdict.com/posts/nudco-review-2026-best-software-tools/","https://saasverdict.com/go/nudco","https://nudco.pxf.io/R5Jxva"
"nutshell","https://saasverdict.com/posts/nutshell-review-2026-best-software-tools/","https://saasverdict.com/go/nutshell","https://nutshell.com/affiliate"
"obsidian","https://saasverdict.com/posts/obsidian-review-2026-best-software-tools/","https://saasverdict.com/go/obsidian","https://obsidian.md/affiliate"
"olark","https://saasverdict.com/posts/olark-review-2026-best-software-tools/","https://saasverdict.com/go/olark","https://olark.com/affiliate"
"onedrive","https://saasverdict.com/posts/onedrive-review-2026-best-software-tools/","https://saasverdict.com/go/onedrive","https://onedrive.live.com/affiliate"
"onemile","https://saasverdict.com/posts/onemile-review-2026-best-software-tools/","https://saasverdict.com/go/onemile","https://onemilebike.sjv.io/R5JzmX"
"onenote","https://saasverdict.com/posts/onenote-review-2026-best-software-tools/","https://saasverdict.com/go/onenote","https://onenote.sjv.io/affiliate"
"oneplus-fr","https://saasverdict.com/posts/oneplus-fr-review-2026-best-software-tools/","https://saasverdict.com/go/oneplus-fr","https://oneplusfr.sjv.io/trial"
"ontaki","https://saasverdict.com/posts/ontaki-review-2026-best-software-tools/","https://saasverdict.com/go/ontaki","https://ontaki.pxf.io/QyVqoM"
"open-goaaal","https://saasverdict.com/posts/open-goaaal-review-2026-best-software-tools/","https://saasverdict.com/go/open-goaaal","https://opengoaaal.sjv.io/9gvNdy"
"openvas","https://saasverdict.com/posts/openvas-review-2026-best-software-tools/","https://saasverdict.com/go/openvas","https://openvas.org/affiliate"
"oral-b-de","https://saasverdict.com/posts/oral-b-de-review-2026-best-software-tools/","https://saasverdict.com/go/oral-b-de","https://oralbde.sjv.io/Y9WJxR"
"oral-b-es","https://saasverdict.com/posts/oral-b-es-review-2026-best-software-tools/","https://saasverdict.com/go/oral-b-es","https://oralbes.pxf.io/oqQAab"
"oral-b-fr","https://saasverdict.com/posts/oral-b-fr-review-2026-best-software-tools/","https://saasverdict.com/go/oral-b-fr","https://oralbfr.sjv.io/an3y4b"
"oral-b-it","https://saasverdict.com/posts/oral-b-it-review-2026-best-software-tools/","https://saasverdict.com/go/oral-b-it","https://oralbit.sjv.io/EKQnoe"
"oral-b-nl","https://saasverdict.com/posts/oral-b-nl-review-2026-best-software-tools/","https://saasverdict.com/go/oral-b-nl","https://oralbnl.pxf.io/DKD2rn"
"oral-b-uk","https://saasverdict.com/posts/oral-b-uk-review-2026-best-software-tools/","https://saasverdict.com/go/oral-b-uk","https://oralbuk.sjv.io/6e2J5r"
"origin","https://saasverdict.com/posts/origin-review-2026-best-software-tools/","https://saasverdict.com/go/origin","https://origin.com/affiliate"
"outlook-calendar","https://saasverdict.com/posts/outlook-calendar-review-2026-best-software-tools/","https://saasverdict.com/go/outlook-calendar","https://outlook.live.com/calendar/affiliate"
"owasp-zap","https://saasverdict.com/posts/owasp-zap-review-2026-best-software-tools/","https://saasverdict.com/go/owasp-zap","https://owasp.org/projects/zaproxy/affiliate"
"panda-security","https://saasverdict.com/posts/panda-security-review-2026-best-software-tools/","https://saasverdict.com/go/panda-security","https://panda.sjv.io/affiliate"
"paperform","https://saasverdict.com/posts/paperform-review-2026-best-software-tools/","https://saasverdict.com/go/paperform","https://paperform.co/affiliate"
"paperrater","https://saasverdict.com/posts/paperrater-review-2026-best-software-tools/","https://saasverdict.com/go/paperrater","https://paperrater.com/affiliate"
"papertrail","https://saasverdict.com/posts/papertrail-review-2026-best-software-tools/","https://saasverdict.com/go/papertrail","https://papertrailapp.com/affiliate"
"paris-rhone","https://saasverdict.com/posts/paris-rhone-review-2026-best-software-tools/","https://saasverdict.com/go/paris-rhone","https://parisrhonecom.sjv.io/R5JzaR"
"passbolt","https://saasverdict.com/posts/passbolt-review-2026-best-software-tools/","https://saasverdict.com/go/passbolt","https://passbolt.com/affiliate"
"paychex","https://saasverdict.com/posts/paychex-review-2026-best-software-tools/","https://saasverdict.com/go/paychex","https://paychex.com/affiliate"
"paypal","https://saasverdict.com/posts/paypal-review-2026-best-software-tools/","https://saasverdict.com/go/paypal","https://paypal.sjv.io/affiliate"
"pCloud","https://saasverdict.com/posts/pcloud-review-2026-best-software-tools/","https://saasverdict.com/go/pCloud","https://pcloud.com/affiliate"
"penchant-for-pleasure","https://saasverdict.com/posts/penchant-for-pleasure-review-2026-best-software-tools/","https://saasverdict.com/go/penchant-for-pleasure","https://penchant-for-pleasure.sjv.io/Vmor1M"
"phpstorm","https://saasverdict.com/posts/phpstorm-review-2026-best-software-tools/","https://saasverdict.com/go/phpstorm","https://jetbrains.com/phpstorm/affiliate"
"pilot","https://saasverdict.com/posts/pilot-review-2026-best-software-tools/","https://saasverdict.com/go/pilot","https://pilot.com/affiliate"
"pipedrive","https://saasverdict.com/posts/pipedrive-review-2026-best-software-tools/","https://saasverdict.com/go/pipedrive","https://pipedrive.sjv.io/affiliate"
"pish-posh-baby","https://saasverdict.com/posts/pish-posh-baby-review-2026-best-software-tools/","https://saasverdict.com/go/pish-posh-baby","https://pish-posh-baby.sjv.io/zN17Ex"
"pluralsight","https://saasverdict.com/posts/pluralsight-review-2026-best-software-tools/","https://saasverdict.com/go/pluralsight","https://pluralsight.sjv.io/affiliate"
"postmark","https://saasverdict.com/posts/postmark-review-2026-best-software-tools/","https://saasverdict.com/go/postmark","https://postmarkapp.com/affiliate"
"printrendy","https://saasverdict.com/posts/printrendy-review-2026-best-software-tools/","https://saasverdict.com/go/printrendy","https://printrendy.pxf.io/Y9WJzO"
"private-internet-access","https://saasverdict.com/posts/private-internet-access-review-2026-best-software-tools/","https://saasverdict.com/go/private-internet-access","https://privateinternetaccess.sjv.io/affiliate"
"prometheus","https://saasverdict.com/posts/prometheus-review-2026-best-software-tools/","https://saasverdict.com/go/prometheus","https://prometheus.io/affiliate"
"prop-money-inc","https://saasverdict.com/posts/prop-money-inc-review-2026-best-software-tools/","https://saasverdict.com/go/prop-money-inc","https://propmoneyinc.pxf.io/5gOV3N"
"protea-hair","https://saasverdict.com/posts/protea-hair-review-2026-best-software-tools/","https://saasverdict.com/go/protea-hair","https://proteahair.pxf.io/NkAgY7"
"protonvpn","https://saasverdict.com/posts/protonvpn-review-2026-best-software-tools/","https://saasverdict.com/go/protonvpn","https://protonvpn.com/affiliate"
"proton-vpn","https://saasverdict.com/posts/proton-vpn-review-2026-best-software-tools/","https://saasverdict.com/go/proton-vpn","https://protonvpn.com/affiliate"
"prowritingaid","https://saasverdict.com/posts/prowritingaid-review-2026-best-software-tools/","https://saasverdict.com/go/prowritingaid","https://prowritingaid.sjv.io/affiliate"
"pure-scentum","https://saasverdict.com/posts/pure-scentum-review-2026-best-software-tools/","https://saasverdict.com/go/pure-scentum","https://pure-scentum.pxf.io/9gv1Xj"
"pure-storage","https://saasverdict.com/posts/pure-storage-review-2026-best-software-tools/","https://saasverdict.com/go/pure-storage","https://purestorage.sjv.io/affiliate"
"purevpn","https://saasverdict.com/posts/purevpn-review-2026-best-software-tools/","https://saasverdict.com/go/purevpn","https://purevpn.sjv.io/affiliate"
"puzzle-ready","https://saasverdict.com/posts/puzzle-ready-review-2026-best-software-tools/","https://saasverdict.com/go/puzzle-ready","https://puzzlereadyaffiliateprogram.pxf.io/Mma9Pn"
"pycharm","https://saasverdict.com/posts/pycharm-review-2026-best-software-tools/","https://saasverdict.com/go/pycharm","https://jetbrains.com/pycharm/affiliate"
"pyproxy","https://saasverdict.com/posts/pyproxy-review-2026-best-software-tools/","https://saasverdict.com/go/pyproxy","https://pyproxy.sjv.io/trials"
"qnap","https://saasverdict.com/posts/qnap-review-2026-best-software-tools/","https://saasverdict.com/go/qnap","https://qnap.sjv.io/affiliate"
"qualys","https://saasverdict.com/posts/qualys-review-2026-best-software-tools/","https://saasverdict.com/go/qualys","https://qualys.sjv.io/affiliate"
"quickbooks","https://saasverdict.com/posts/quickbooks-review-2026-best-software-tools/","https://saasverdict.com/go/quickbooks","https://quickbooks.intuit.com/affiliate"
"rapid7","https://saasverdict.com/posts/rapid7-review-2026-best-software-tools/","https://saasverdict.com/go/rapid7","https://rapid7.sjv.io/affiliate"
"raycast","https://saasverdict.com/posts/raycast-review-2026-best-software-tools/","https://saasverdict.com/go/raycast","https://raycast.com/affiliate"
"readable","https://saasverdict.com/posts/readable-review-2026-best-software-tools/","https://saasverdict.com/go/readable","https://readable.com/affiliate"
"reclaim-ai","https://saasverdict.com/posts/reclaim-ai-review-2026-best-software-tools/","https://saasverdict.com/go/reclaim-ai","https://reclaim.ai/affiliate"
"reemo-innovation","https://saasverdict.com/posts/reemo-innovation-review-2026-best-software-tools/","https://saasverdict.com/go/reemo-innovation","https://mowrator.pxf.io/eKdd06"
"replicant","https://saasverdict.com/posts/replicant-review-2026-best-software-tools/","https://saasverdict.com/go/replicant","https://replicant.com/affiliate"
"review-au","https://saasverdict.com/posts/review-au-review-2026-best-software-tools/","https://saasverdict.com/go/review-au","https://review-au.sjv.io/rQj7x3"
"rider","https://saasverdict.com/posts/rider-review-2026-best-software-tools/","https://saasverdict.com/go/rider","https://jetbrains.com/rider/affiliate"
"riseup-vpn","https://saasverdict.com/posts/riseup-vpn-review-2026-best-software-tools/","https://saasverdict.com/go/riseup-vpn","https://riseup.net/affiliate"
"roam-research","https://saasverdict.com/posts/roam-research-review-2026-best-software-tools/","https://saasverdict.com/go/roam-research","https://roamresearch.com/affiliate"
"roboform","https://saasverdict.com/posts/roboform-review-2026-best-software-tools/","https://saasverdict.com/go/roboform","https://roboform.sjv.io/affiliate"
"rubrik","https://saasverdict.com/posts/rubrik-review-2026-best-software-tools/","https://saasverdict.com/go/rubrik","https://rubrik.sjv.io/affiliate"
"rubymine","https://saasverdict.com/posts/rubymine-review-2026-best-software-tools/","https://saasverdict.com/go/rubymine","https://jetbrains.com/ruby/affiliate"
"salesforce","https://saasverdict.com/posts/salesforce-review-2026-best-software-tools/","https://saasverdict.com/go/salesforce","https://salesforce.sjv.io/affiliate"
"sand-and-sky","https://saasverdict.com/posts/sand-and-sky-review-2026-best-software-tools/","https://saasverdict.com/go/sand-and-sky","https://sand-and-sky.sjv.io/21nAP0"
"sapling","https://saasverdict.com/posts/sapling-review-2026-best-software-tools/","https://saasverdict.com/go/sapling","https://sapling.ai/affiliate"
"savvycal","https://saasverdict.com/posts/savvycal-review-2026-best-software-tools/","https://saasverdict.com/go/savvycal","https://savvycal.com/affiliate"
"scalefactor","https://saasverdict.com/posts/scalefactor-review-2026-best-software-tools/","https://saasverdict.com/go/scalefactor","https://scalefactor.com/affiliate"
"scale-factor","https://saasverdict.com/posts/scale-factor-review-2026-best-software-tools/","https://saasverdict.com/go/scale-factor","https://scalefactor.com/affiliate"
"screaming-frog","https://saasverdict.com/posts/screaming-frog-review-2026-best-software-tools/","https://saasverdict.com/go/screaming-frog","https://screamingfrog.co.uk/affiliate"
"scribens","https://saasverdict.com/posts/scribens-review-2026-best-software-tools/","https://saasverdict.com/go/scribens","https://scribens.com/affiliate"
"seafolly-australia","https://saasverdict.com/posts/seafolly-australia-review-2026-best-software-tools/","https://saasverdict.com/go/seafolly-australia","https://seafollyaustralia.pxf.io/zN1W4x"
"seagate-personal-cloud","https://saasverdict.com/posts/seagate-personal-cloud-review-2026-best-software-tools/","https://saasverdict.com/go/seagate-personal-cloud","https://seagate.com/personal-cloud/affiliate"
"segment","https://saasverdict.com/posts/segment-review-2026-best-software-tools/","https://saasverdict.com/go/segment","https://segment.com/affiliate"
"sellfy","https://saasverdict.com/posts/sellfy-review-2026-best-software-tools/","https://saasverdict.com/go/sellfy","https://sellfy.sjv.io/affiliate"
"semrush","https://saasverdict.com/posts/semrush-review-2026-best-software-tools/","https://saasverdict.com/go/semrush","https://semrush.sjv.io/affiliate"
"sendgrid","https://saasverdict.com/posts/sendgrid-review-2026-best-software-tools/","https://saasverdict.com/go/sendgrid","https://sendgrid.sjv.io/affiliate"
"sendible","https://saasverdict.com/posts/sendible-review-2026-best-software-tools/","https://saasverdict.com/go/sendible","https://sendible.com/affiliate"
"sendinblue","https://saasverdict.com/posts/sendinblue-review-2026-best-software-tools/","https://saasverdict.com/go/sendinblue","https://sendinblue.sjv.io/affiliate"
"sentrypc","https://saasverdict.com/posts/sentrypc-review-2026-best-software-tools/","https://saasverdict.com/go/sentrypc","https://sentrypc.7eer.net/Trial"
"shopify","https://saasverdict.com/posts/shopify-review-2026-best-software-tools/","https://saasverdict.com/go/shopify","https://shopify.sjv.io/affiliate"
"shortcut","https://saasverdict.com/posts/shortcut-review-2026-best-software-tools/","https://saasverdict.com/go/shortcut","https://shortcut.com/affiliate"
"signal","https://saasverdict.com/posts/signal-review-2026-best-software-tools/","https://saasverdict.com/go/signal","https://signal.org/affiliate"
"silginnes","https://saasverdict.com/posts/silginnes-review-2026-best-software-tools/","https://saasverdict.com/go/silginnes","https://silginnes.sjv.io/rQjv65"
"silver-cuisine","https://saasverdict.com/posts/silver-cuisine-review-2026-best-software-tools/","https://saasverdict.com/go/silver-cuisine","https://silver-cuisine.pxf.io/4P6191"
"simplybook","https://saasverdict.com/posts/simplybook-review-2026-best-software-tools/","https://saasverdict.com/go/simplybook","https://simplybook.me/affiliate"
"siri","https://saasverdict.com/posts/siri-review-2026-best-software-tools/","https://saasverdict.com/go/siri","https://apple.com/siri/affiliate"
"siteground","https://saasverdict.com/posts/siteground-review-2026-best-software-tools/","https://saasverdict.com/go/siteground","https://siteground.sjv.io/affiliate"
"sketch","https://saasverdict.com/posts/sketch-review-2026-best-software-tools/","https://saasverdict.com/go/sketch","https://sketch.sjv.io/affiliate"
"skillshare","https://saasverdict.com/posts/skillshare-review-2026-best-software-tools/","https://saasverdict.com/go/skillshare","https://skillshare.sjv.io/affiliate"
"skype","https://saasverdict.com/posts/skype-review-2026-best-software-tools/","https://saasverdict.com/go/skype","https://skype.sjv.io/affiliate"
"slack","https://saasverdict.com/posts/slack-review-2026-best-software-tools/","https://saasverdict.com/go/slack","https://slack.sjv.io/affiliate"
"slider-revolution","https://saasverdict.com/posts/slider-revolution-review-2026-best-software-tools/","https://saasverdict.com/go/slider-revolution","https://themepunch.pxf.io/trial"
"smartsheet","https://saasverdict.com/posts/smartsheet-review-2026-best-software-tools/","https://saasverdict.com/go/smartsheet","https://smartsheet.sjv.io/affiliate"
"smile-makers-collection","https://saasverdict.com/posts/smile-makers-collection-review-2026-best-software-tools/","https://saasverdict.com/go/smile-makers-collection","https://smilemakers.pxf.io/q4rrKq"
"snagajob","https://saasverdict.com/posts/snagajob-review-2026-best-software-tools/","https://saasverdict.com/go/snagajob","https://snagajob.sjv.io/affiliate"
"snapchat","https://saasverdict.com/posts/snapchat-review-2026-best-software-tools/","https://saasverdict.com/go/snapchat","https://snapchat.com/affiliate"
"snaplogic","https://saasverdict.com/posts/snaplogic-review-2026-best-software-tools/","https://saasverdict.com/go/snaplogic","https://snaplogic.com/affiliate"
"soax","https://saasverdict.com/posts/soax-review-2026-best-software-tools/","https://saasverdict.com/go/soax","https://soax.sjv.io/eKOvbQ"
"socialbakers","https://saasverdict.com/posts/socialbakers-review-2026-best-software-tools/","https://saasverdict.com/go/socialbakers","https://socialbakers.com/affiliate"
"social-pilot","https://saasverdict.com/posts/social-pilot-review-2026-best-software-tools/","https://saasverdict.com/go/social-pilot","https://socialpilot.co/affiliate"
"sophos","https://saasverdict.com/posts/sophos-review-2026-best-software-tools/","https://saasverdict.com/go/sophos","https://sophos.sjv.io/affiliate"
"soulight","https://saasverdict.com/posts/soulight-review-2026-best-software-tools/","https://saasverdict.com/go/soulight","https://bestpsychiclab.pxf.io/g1y2V9"
"soundcore","https://saasverdict.com/posts/soundcore-review-2026-best-software-tools/","https://saasverdict.com/go/soundcore","https://soundcore.sjv.io/zN17WG"
"spanel","https://saasverdict.com/posts/spanel-review-2026-best-software-tools/","https://saasverdict.com/go/spanel","https://imp.scalahosting.com/trial"
"sparkpost","https://saasverdict.com/posts/sparkpost-review-2026-best-software-tools/","https://saasverdict.com/go/sparkpost","https://sparkpost.com/affiliate"
"spideroak","https://saasverdict.com/posts/spideroak-review-2026-best-software-tools/","https://saasverdict.com/go/spideroak","https://spideroak.com/affiliate"
"splashtop","https://saasverdict.com/posts/splashtop-review-2026-best-software-tools/","https://saasverdict.com/go/splashtop","https://splashtop.sjv.io/affiliate"
"splunk","https://saasverdict.com/posts/splunk-review-2026-best-software-tools/","https://saasverdict.com/go/splunk","https://splunk.sjv.io/affiliate"
"spotlight","https://saasverdict.com/posts/spotlight-review-2026-best-software-tools/","https://saasverdict.com/go/spotlight","https://apple.com/spotlight/affiliate"
"sprout-social","https://saasverdict.com/posts/sprout-social-review-2026-best-software-tools/","https://saasverdict.com/go/sprout-social","https://sproutsocial.sjv.io/affiliate"
"sqlmap","https://saasverdict.com/posts/sqlmap-review-2026-best-software-tools/","https://saasverdict.com/go/sqlmap","https://sqlmap.org/affiliate"
"square","https://saasverdict.com/posts/square-review-2026-best-software-tools/","https://saasverdict.com/go/square","https://square.sjv.io/affiliate"
"squarespace","https://saasverdict.com/posts/squarespace-review-2026-best-software-tools/","https://saasverdict.com/go/squarespace","https://squarespace.sjv.io/affiliate"
"standard-notes","https://saasverdict.com/posts/standard-notes-review-2026-best-software-tools/","https://saasverdict.com/go/standard-notes","https://standardnotes.com/affiliate"
"steam","https://saasverdict.com/posts/steam-review-2026-best-software-tools/","https://saasverdict.com/go/steam","https://store.steampowered.com/affiliate"
"sticky-password","https://saasverdict.com/posts/sticky-password-review-2026-best-software-tools/","https://saasverdict.com/go/sticky-password","https://stickypassword.sjv.io/affiliate"
"striking-viking","https://saasverdict.com/posts/striking-viking-review-2026-best-software-tools/","https://saasverdict.com/go/striking-viking","https://viking-beard-gear.pxf.io/4P6k1r"
"stripe","https://saasverdict.com/posts/stripe-review-2026-best-software-tools/","https://saasverdict.com/go/stripe","https://stripe.sjv.io/affiliate"
"stylewriter","https://saasverdict.com/posts/stylewriter-review-2026-best-software-tools/","https://saasverdict.com/go/stylewriter","https://stylewriter.co.uk/affiliate"
"sumologic","https://saasverdict.com/posts/sumologic-review-2026-best-software-tools/","https://saasverdict.com/go/sumologic","https://sumologic.sjv.io/affiliate"
"surfshark","https://saasverdict.com/posts/surfshark-review-2026-best-software-tools/","https://saasverdict.com/go/surfshark","https://surfshark.sjv.io/event"
"surveymonkey","https://saasverdict.com/posts/surveymonkey-review-2026-best-software-tools/","https://saasverdict.com/go/surveymonkey","https://surveymonkey.sjv.io/affiliate"
"sync","https://saasverdict.com/posts/sync-review-2026-best-software-tools/","https://saasverdict.com/go/sync","https://sync.com/affiliate"
"syncbackpro","https://saasverdict.com/posts/syncbackpro-review-2026-best-software-tools/","https://saasverdict.com/go/syncbackpro","https://2brightsparks.sjv.io/affiliate"
"synology","https://saasverdict.com/posts/synology-review-2026-best-software-tools/","https://saasverdict.com/go/synology","https://synology.sjv.io/affiliate"
"talend","https://saasverdict.com/posts/talend-review-2026-best-software-tools/","https://saasverdict.com/go/talend","https://talend.com/affiliate"
"tawk-to","https://saasverdict.com/posts/tawk-to-review-2026-best-software-tools/","https://saasverdict.com/go/tawk-to","https://tawk.to/affiliate"
"teamviewer","https://saasverdict.com/posts/teamviewer-review-2026-best-software-tools/","https://saasverdict.com/go/teamviewer","https://teamviewer.sjv.io/affiliate"
"teamwork","https://saasverdict.com/posts/teamwork-review-2026-best-software-tools/","https://saasverdict.com/go/teamwork","https://teamwork.com/affiliate"
"teamwork-crm","https://saasverdict.com/posts/teamwork-crm-review-2026-best-software-tools/","https://saasverdict.com/go/teamwork-crm","https://teamwork.com/crm/affiliate"
"teamwork-desk","https://saasverdict.com/posts/teamwork-desk-review-2026-best-software-tools/","https://saasverdict.com/go/teamwork-desk","https://teamwork.com/desk/affiliate"
"technitya","https://saasverdict.com/posts/technitya-review-2026-best-software-tools/","https://saasverdict.com/go/technitya","https://technitya.sjv.io/trial"
"telegram","https://saasverdict.com/posts/telegram-review-2026-best-software-tools/","https://saasverdict.com/go/telegram","https://telegram.org/affiliate"
"thinkcar","https://saasverdict.com/posts/thinkcar-review-2026-best-software-tools/","https://saasverdict.com/go/thinkcar","https://thinkcar.sjv.io/4P667L"
"throwback-traits","https://saasverdict.com/posts/throwback-traits-review-2026-best-software-tools/","https://saasverdict.com/go/throwback-traits","https://throwback-traits.pxf.io/an3Jab"
"ticktick","https://saasverdict.com/posts/ticktick-review-2026-best-software-tools/","https://saasverdict.com/go/ticktick","https://ticktick.sjv.io/affiliate"
"tiddlywiki","https://saasverdict.com/posts/tiddlywiki-review-2026-best-software-tools/","https://saasverdict.com/go/tiddlywiki","https://tiddlywiki.com/affiliate"
"tidio","https://saasverdict.com/posts/tidio-review-2026-best-software-tools/","https://saasverdict.com/go/tidio","https://tidio.pxf.io/trial"
"timely","https://saasverdict.com/posts/timely-review-2026-best-software-tools/","https://saasverdict.com/go/timely","https://timelyapp.com/affiliate"
"timescaledb","https://saasverdict.com/posts/timescaledb-review-2026-best-software-tools/","https://saasverdict.com/go/timescaledb","https://timescale.com/affiliate"
"tinyland","https://saasverdict.com/posts/tinyland-review-2026-best-software-tools/","https://saasverdict.com/go/tinyland","https://tinyland.pxf.io/q4r1EO"
"tms-plugins","https://saasverdict.com/posts/tms-plugins-review-2026-best-software-tools/","https://saasverdict.com/go/tms-plugins","https://tms-plugins.sjv.io/vNeLd3"
"todoist","https://saasverdict.com/posts/todoist-review-2026-best-software-tools/","https://saasverdict.com/go/todoist","https://todoist.sjv.io/affiliate"
"toke-n-dab","https://saasverdict.com/posts/toke-n-dab-review-2026-best-software-tools/","https://saasverdict.com/go/toke-n-dab","https://toke-n-dab.pxf.io/XYzVPG"
"token-metrics","https://saasverdict.com/posts/token-metrics-review-2026-best-software-tools/","https://saasverdict.com/go/token-metrics","https://tokenmetrics.sjv.io/Trial"
"towards-data-science","https://saasverdict.com/posts/towards-data-science-review-2026-best-software-tools/","https://saasverdict.com/go/towards-data-science","https://towardsdatascience.com/affiliate"
"trafft","https://saasverdict.com/posts/trafft-review-2026-best-software-tools/","https://saasverdict.com/go/trafft","https://trafft.pxf.io/nLDOdV"
"travis-ci","https://saasverdict.com/posts/travis-ci-review-2026-best-software-tools/","https://saasverdict.com/go/travis-ci","https://travis-ci.com/affiliate"
"tray-io","https://saasverdict.com/posts/tray-io-review-2026-best-software-tools/","https://saasverdict.com/go/tray-io","https://tray.io/affiliate"
"trello","https://saasverdict.com/posts/trello-review-2026-best-software-tools/","https://saasverdict.com/go/trello","https://trello.sjv.io/affiliate"
"trend-micro","https://saasverdict.com/posts/trend-micro-review-2026-best-software-tools/","https://saasverdict.com/go/trend-micro","https://trendmicro.sjv.io/affiliate"
"tresorit","https://saasverdict.com/posts/tresorit-review-2026-best-software-tools/","https://saasverdict.com/go/tresorit","https://tresorit.com/affiliate"
"trinka-ai","https://saasverdict.com/posts/trinka-ai-review-2026-best-software-tools/","https://saasverdict.com/go/trinka-ai","https://trinkaai.pxf.io/jrKK7b"
"true-key","https://saasverdict.com/posts/true-key-review-2026-best-software-tools/","https://saasverdict.com/go/true-key","https://truekey.sjv.io/affiliate"
"tunnelbear","https://saasverdict.com/posts/tunnelbear-review-2026-best-software-tools/","https://saasverdict.com/go/tunnelbear","https://tunnelbear.sjv.io/affiliate"
"turtle-beach-eu","https://saasverdict.com/posts/turtle-beach-eu-review-2026-best-software-tools/","https://saasverdict.com/go/turtle-beach-eu","https://turtlebeacheu.sjv.io/0Z0b5V"
"turtle-beach-uk","https://saasverdict.com/posts/turtle-beach-uk-review-2026-best-software-tools/","https://saasverdict.com/go/turtle-beach-uk","https://TurtleBeachUK.sjv.io/DKD5Mj"
"turtle-beach-us","https://saasverdict.com/posts/turtle-beach-us-review-2026-best-software-tools/","https://saasverdict.com/go/turtle-beach-us","https://turtlebeachus.sjv.io/LXeJYj"
"twopages","https://saasverdict.com/posts/twopages-review-2026-best-software-tools/","https://saasverdict.com/go/twopages","https://twopages.pxf.io/g1yzZO"
"twotrees-3d","https://saasverdict.com/posts/twotrees-3d-review-2026-best-software-tools/","https://saasverdict.com/go/twotrees-3d","https://twotrees3dofficial.sjv.io/k0L5Z0"
"typeform","https://saasverdict.com/posts/typeform-review-2026-best-software-tools/","https://saasverdict.com/go/typeform","https://typeform.sjv.io/affiliate"
"ubersuggest","https://saasverdict.com/posts/ubersuggest-review-2026-best-software-tools/","https://saasverdict.com/go/ubersuggest","https://neilpateldigital.sjv.io/Dy4L62"
"udacity","https://saasverdict.com/posts/udacity-review-2026-best-software-tools/","https://saasverdict.com/go/udacity","https://udacity.sjv.io/affiliate"
"udemy","https://saasverdict.com/posts/udemy-review-2026-best-software-tools/","https://saasverdict.com/go/udemy","https://udemy.sjv.io/affiliate"
"ulike-de","https://saasverdict.com/posts/ulike-de-review-2026-best-software-tools/","https://saasverdict.com/go/ulike-de","https://deulike.pxf.io/oqQALe"
"ulike-uk","https://saasverdict.com/posts/ulike-uk-review-2026-best-software-tools/","https://saasverdict.com/go/ulike-uk","https://ukulike.sjv.io/VmonNJ"
"ulike-us","https://saasverdict.com/posts/ulike-us-review-2026-best-software-tools/","https://saasverdict.com/go/ulike-us","https://usulike.sjv.io/rQjVDd"
"ultipro","https://saasverdict.com/posts/ultipro-review-2026-best-software-tools/","https://saasverdict.com/go/ultipro","https://ultipro.com/affiliate"
"underground-printing","https://saasverdict.com/posts/underground-printing-review-2026-best-software-tools/","https://saasverdict.com/go/underground-printing","https://imp.i357552.net/xL1nK1"
"unitree-robotics","https://saasverdict.com/posts/unitree-robotics-review-2026-best-software-tools/","https://saasverdict.com/go/unitree-robotics","https://unitreerobotics.pxf.io/EKQkDX"
"uperfect","https://saasverdict.com/posts/uperfect-review-2026-best-software-tools/","https://saasverdict.com/go/uperfect","https://uperfect.sjv.io/LK9DLM"
"uplay","https://saasverdict.com/posts/uplay-review-2026-best-software-tools/","https://saasverdict.com/go/uplay","https://uplay.com/affiliate"
"ursime","https://saasverdict.com/posts/ursime-review-2026-best-software-tools/","https://saasverdict.com/go/ursime","https://ursime.pxf.io/7aYb6g"
"vapordna","https://saasverdict.com/posts/vapordna-review-2026-best-software-tools/","https://saasverdict.com/go/vapordna","https://vapordna.pxf.io/m5x7YZ"
"veeam","https://saasverdict.com/posts/veeam-review-2026-best-software-tools/","https://saasverdict.com/go/veeam","https://veeam.com/affiliate"
"vercel","https://saasverdict.com/posts/vercel-review-2026-best-software-tools/","https://saasverdict.com/go/vercel","https://vercel.sjv.io/affiliate"
"veritas","https://saasverdict.com/posts/veritas-review-2026-best-software-tools/","https://saasverdict.com/go/veritas","https://veritas.com/affiliate"
"versadesk","https://saasverdict.com/posts/versadesk-review-2026-best-software-tools/","https://saasverdict.com/go/versadesk","https://versadesk.pxf.io/rQjVey"
"viber","https://saasverdict.com/posts/viber-review-2026-best-software-tools/","https://saasverdict.com/go/viber","https://viber.sjv.io/affiliate"
"victory-tailgate","https://saasverdict.com/posts/victory-tailgate-review-2026-best-software-tools/","https://saasverdict.com/go/victory-tailgate","https://victorytailgate.pxf.io/vNeXve"
"vida-glow-au","https://saasverdict.com/posts/vida-glow-au-review-2026-best-software-tools/","https://saasverdict.com/go/vida-glow-au","https://vida-glow-au.pxf.io/NkArqV"
"vida-glow-us","https://saasverdict.com/posts/vida-glow-us-review-2026-best-software-tools/","https://saasverdict.com/go/vida-glow-us","https://vida-glow-us.pxf.io/QyV5Qo"
"video-editing-program","https://saasverdict.com/posts/video-editing-program-review-2026-best-software-tools/","https://saasverdict.com/go/video-editing-program","https://videoeditingprogram.pxf.io/K0Qx6N"
"vidranya-social-scheduler","https://saasverdict.com/posts/vidranya-social-scheduler-review-2026-best-software-tools/","https://saasverdict.com/go/vidranya-social-scheduler","https://vidranya.sjv.io/trial"
"voidu","https://saasverdict.com/posts/voidu-review-2026-best-software-tools/","https://saasverdict.com/go/voidu","https://voidu.com/affiliate"
"vscode","https://saasverdict.com/posts/vscode-review-2026-best-software-tools/","https://saasverdict.com/go/vscode","https://code.visualstudio.com/affiliate"
"vultr","https://saasverdict.com/posts/vultr-review-2026-best-software-tools/","https://saasverdict.com/go/vultr","https://vultr.sjv.io/affiliate"
"vyprvpn","https://saasverdict.com/posts/vyprvpn-review-2026-best-software-tools/","https://saasverdict.com/go/vyprvpn","https://vyprvpn.sjv.io/affiliate"
"wave","https://saasverdict.com/posts/wave-review-2026-best-software-tools/","https://saasverdict.com/go/wave","https://waveapps.com/affiliate"
"wd-my-cloud","https://saasverdict.com/posts/wd-my-cloud-review-2026-best-software-tools/","https://saasverdict.com/go/wd-my-cloud","https://wd.com/my-cloud/affiliate"
"webex","https://saasverdict.com/posts/webex-review-2026-best-software-tools/","https://saasverdict.com/go/webex","https://webex.com/affiliate"
"webflow","https://saasverdict.com/posts/webflow-review-2026-best-software-tools/","https://saasverdict.com/go/webflow","https://webflow.sjv.io/affiliate"
"webroot","https://saasverdict.com/posts/webroot-review-2026-best-software-tools/","https://saasverdict.com/go/webroot","https://webroot.sjv.io/affiliate"
"webstorm","https://saasverdict.com/posts/webstorm-review-2026-best-software-tools/","https://saasverdict.com/go/webstorm","https://jetbrains.com/webstorm/affiliate"
"wechat","https://saasverdict.com/posts/wechat-review-2026-best-software-tools/","https://saasverdict.com/go/wechat","https://wechat.com/affiliate"
"weebly","https://saasverdict.com/posts/weebly-review-2026-best-software-tools/","https://saasverdict.com/go/weebly","https://weebly.sjv.io/affiliate"
"whatsapp","https://saasverdict.com/posts/whatsapp-review-2026-best-software-tools/","https://saasverdict.com/go/whatsapp","https://whatsapp.com/affiliate"
"white-smoke","https://saasverdict.com/posts/white-smoke-review-2026-best-software-tools/","https://saasverdict.com/go/white-smoke","https://whitesmoke.com/affiliate"
"windscribe","https://saasverdict.com/posts/windscribe-review-2026-best-software-tools/","https://saasverdict.com/go/windscribe","https://windscribe.sjv.io/affiliate"
"winzip","https://saasverdict.com/posts/winzip-review-2026-best-software-tools/","https://saasverdict.com/go/winzip","https://winzip.sjv.io/YRZdAP"
"wireshark","https://saasverdict.com/posts/wireshark-review-2026-best-software-tools/","https://saasverdict.com/go/wireshark","https://wireshark.org/affiliate"
"wix","https://saasverdict.com/posts/wix-review-2026-best-software-tools/","https://saasverdict.com/go/wix","https://wix.sjv.io/affiliate"
"woocommerce","https://saasverdict.com/posts/woocommerce-review-2026-best-software-tools/","https://saasverdict.com/go/woocommerce","https://woocommerce.com/affiliate"
"wordpress","https://saasverdict.com/posts/wordpress-review-2026-best-software-tools/","https://saasverdict.com/go/wordpress","https://wordpress.com/affiliate"
"workable","https://saasverdict.com/posts/workable-review-2026-best-software-tools/","https://saasverdict.com/go/workable","https://workable.com/affiliate"
"workato","https://saasverdict.com/posts/workato-review-2026-best-software-tools/","https://saasverdict.com/go/workato","https://workato.com/affiliate"
"workday","https://saasverdict.com/posts/workday-review-2026-best-software-tools/","https://saasverdict.com/go/workday","https://workday.sjv.io/affiliate"
"wowangel","https://saasverdict.com/posts/wowangel-review-2026-best-software-tools/","https://saasverdict.com/go/wowangel","https://wowangel.sjv.io/KjkVZz"
"wrike","https://saasverdict.com/posts/wrike-review-2026-best-software-tools/","https://saasverdict.com/go/wrike","https://wrike.sjv.io/affiliate"
"write-check","https://saasverdict.com/posts/write-check-review-2026-best-software-tools/","https://saasverdict.com/go/write-check","https://writecheck.com/affiliate"
"wufoo","https://saasverdict.com/posts/wufoo-review-2026-best-software-tools/","https://saasverdict.com/go/wufoo","https://wufoo.sjv.io/affiliate"
"xero","https://saasverdict.com/posts/xero-review-2026-best-software-tools/","https://saasverdict.com/go/xero","https://xero.sjv.io/affiliate"
"youcanbook-me","https://saasverdict.com/posts/youcanbook-me-review-2026-best-software-tools/","https://saasverdict.com/go/youcanbook-me","https://youcanbook.me/affiliate"
"yseop","https://saasverdict.com/posts/yseop-review-2026-best-software-tools/","https://saasverdict.com/go/yseop","https://yseop.com/affiliate"
"zapier","https://saasverdict.com/posts/zapier-review-2026-best-software-tools/","https://saasverdict.com/go/zapier","https://zapier.sjv.io/affiliate"
"zendesk","https://saasverdict.com/posts/zendesk-review-2026-best-software-tools/","https://saasverdict.com/go/zendesk","https://zendesk.sjv.io/affiliate"
"zim","https://saasverdict.com/posts/zim-review-2026-best-software-tools/","https://saasverdict.com/go/zim","https://zim-wiki.org/affiliate"
"ziprecruiter","https://saasverdict.com/posts/ziprecruiter-review-2026-best-software-tools/","https://saasverdict.com/go/ziprecruiter","https://ziprecruiter.sjv.io/affiliate"
"zoho-crm","https://saasverdict.com/posts/zoho-crm-review-2026-best-software-tools/","https://saasverdict.com/go/zoho-crm","https://zoho.com/crm/affiliate"
"zoho-desk","https://saasverdict.com/posts/zoho-desk-review-2026-best-software-tools/","https://saasverdict.com/go/zoho-desk","https://zoho.com/desk/affiliate"
"zoho-forms","https://saasverdict.com/posts/zoho-forms-review-2026-best-software-tools/","https://saasverdict.com/go/zoho-forms","https://zoho.com/forms/affiliate"
"zoho-social","https://saasverdict.com/posts/zoho-social-review-2026-best-software-tools/","https://saasverdict.com/go/zoho-social","https://zoho.com/social/affiliate"
"zonealarm","https://saasverdict.com/posts/zonealarm-review-2026-best-software-tools/","https://saasverdict.com/go/zonealarm","https://zonealarm.sjv.io/affiliate"
"zonli","https://saasverdict.com/posts/zonli-review-2026-best-software-tools/","https://saasverdict.com/go/zonli","https://zonlipartnershipprogram.pxf.io/trial"
"zoom","https://saasverdict.com/posts/zoom-review-2026-best-software-tools/","https://saasverdict.com/go/zoom","https://zoom.sjv.io/affiliate"
